Protein_ID,Protein_Name,F_stim,F_us,GG_stim,GG_us,F_wo,F_stat,GG_wo,GG_stat,known_to_be_prenylated,non_canonical_isoform,Motif,Known_Motif_CAAX,Known_Motif_CXXX,Known_Motif_CXC,Known_Motif_CCX,Known_Motif_CC,Known_Motif_C,New_Motif_CXXXX,New_Motif_CXX,New_Motif_CX,New_Motif_CCC,Internal_C_1,Internal_C_1_wo_disulfide_bond,pae_0,Lowest_pae,Internal_Motif,3Di_Internal_Motif
Q9BVT8,TMUB1,0,0,0,0,0,0,1,1,0,,2,,,,,,,,,,,,,,,,
Q93038,TNFRSF25,0,0,1,0,0,0,0,0,0,4.0,1,,,,,,,-5.0,,,,,,,,,
Q8TED0,UTP15,0,0,0,0,1,1,1,1,0,,2,,,,,,,,,,,,,-134.0,,VLDPTCTIKTP,θλππβνλβππβ
Q9P2R7,SUCLA2,0,0,0,0,0,0,0,1,0,,2,,,,,,,,,,,,,,,,
O43772,SLC25A20,0,0,0,0,1,1,1,1,0,,2,,,,,,,,,,,,,,-147.0,TGTLDCAKKLY,πγσβρσσββχθ
O75521,ECI2,1,0,0,0,1,1,0,0,0,,2,,,,,,,,,,,,,,,,
P49768,PSEN1,0,0,0,0,0,0,1,1,0,,2,,,,,,,,,,,,,,,,
Q14728,MFSD10,0,0,0,0,1,1,1,1,0,,2,,,,,,,,,,,,,-447.0,,GGGGGCTPRPP,δδδδδδδδδδδ
P11182,DBT,0,0,0,0,1,1,0,0,0,,2,,,,,,,,,,,,,,,,
P23921,RRM1,1,1,0,0,0,0,0,0,0,,1,,,,,,,,-3.0,,,,,,,,
P43403,ZAP70,0,1,0,0,1,0,0,0,0,,1,,,,,,,,,-2.0,,,,,,,
Q9BPW8,NIPSNAP1,0,0,0,0,1,1,0,1,0,,2,,,,,,,,,,,,,-279.0,,MAPRLCSISVT,δδδδδδδδδδδ
Q9UHD2,TBK1,0,0,0,0,0,1,0,0,0,,1,,,,,,,,,-2.0,,,,,,,
Q9NRX5,SERINC1,0,0,0,0,0,1,0,0,0,,2,,,,,,,,,,,,,-261.0,,EGNSRCWYAAL,βηββββσβββλ
Q7RTN6,STRADA,0,0,0,0,1,1,1,1,0,2.0,0,,-4.0,,,,,,,,,,,,,,
Q969E2,SCAMP4,0,0,0,0,0,0,1,1,0,,2,,,,,,,,,,,,,-210.0,,IPVKPCFYQNF,ππδγρπδδδδλ
O15321,TM9SF1,0,0,0,0,0,0,1,1,0,,2,,,,,,,,,,,,,,,,
P34913,EPHX2,1,1,1,1,0,0,1,1,0,,2,,,,,,,,,,,,,,,,
Q9UBX3,SLC25A10,0,0,0,0,1,1,0,1,0,,2,,,,,,,,,,,,,,-48.0,QGVFHCAVETA,πδσβσσσββχθ
O14521,SDHD,0,0,0,0,1,1,0,1,0,,2,,,,,,,,,,,,,,,,
Q7Z2E3,APTX,0,0,0,0,0,1,0,0,0,,2,,,,,,,,,,,,,-196.0,,SNSGQCSVPLK,δδδδδδδδδδδ
P10515,DLAT,1,1,0,0,0,0,0,0,0,,2,,,,,,,,,,,,,,,,
P61018,RAB4B,0,0,1,1,0,0,1,1,1,,0,,,"[-3, -1]",,,,,,,,,,,,,
P49682,CXCR3,0,0,0,1,0,0,0,0,0,,2,,,,,,,,,,,,,-31.0,,LLRLGCPNQRG,ββθββθβπππδ
Q14318,FKBP8,1,1,0,0,0,0,0,0,0,,2,,,,,,,,,,,,,,,,
P30519,HMOX2,1,1,0,0,1,1,0,0,0,,2,,,,,,,,,,,,,,,,
Q9H3H5,DPAGT1,1,0,1,1,1,1,1,1,0,,2,,,,,,,,,,,,,,,,
Q6PIU2,NCEH1,1,0,0,0,1,1,1,1,0,,2,,,,,,,,,,,,,-404.0,,MRSSCVLLTA,
Q9UNX4,WDR3,0,0,0,0,1,1,0,0,0,,2,,,,,,,,,,,,,,,,
Q01650,SLC7A5,0,1,0,0,1,1,1,1,0,,2,,,,,,,,,,,,,,,,
O95406,CNIH1,0,0,0,0,1,1,1,1,0,,2,,,,,,,,,,,,,,,,
O15127,SCAMP2,1,1,1,1,1,1,1,1,0,,2,,,,,,,,,,,,,,,,
Q8TBP6,SLC25A40,0,0,0,0,1,1,0,0,0,,2,,,,,,,,,,,,,,,,
Q9H7Z7,PTGES2,0,0,0,0,0,1,0,0,0,,2,,,,,,,,,,,,,-362.0,,LWPGGCALAWR,λδβδπαδδδδδ
Q16836,HADH,0,0,0,0,1,1,0,0,0,,2,,,,,,,,,,,-104.0,,-104.0,,KHPVSCKDTPG,ηηψδψφψρδρρ
P01024,C3,0,0,0,0,1,1,0,0,0,,1,,,,,,,,-3.0,,,,,,,,
O14653,GOSR2,0,0,0,0,0,0,1,1,0,,2,,,,,,,,,,,,,,,,
Q9Y6A9,SPCS1,0,0,0,0,0,0,1,1,0,,2,,,,,,,,,,,,,,,,
Q9GZM5,YIPF3,0,0,0,0,0,0,1,1,0,,2,,,,,,,,,,,,,,-142.0,FLAYLCNAQIT,βλθββλβφπδδ
Q9NX76,CMTM6,0,0,0,0,0,0,0,1,0,,2,,,,,,,,,,,,,,-94.0,ILIVYCTPFYE,λνσθβσγθβθβ
P33947,KDELR2,1,1,1,1,0,0,0,0,0,,2,,,,,,,,,,,,,-21.0,,QTILYCDFFYL,σνββθπβσββχ
P78371,CCT2,1,1,0,0,0,0,0,0,0,,0,,,,,,-1.0,,,,,,,,,,
P16298,PPP3CB,0,0,0,0,1,1,0,0,0,2.0,0,,-4.0,,,,,,,,,,,,,,
P27824,CANX,0,0,1,1,0,0,0,0,0,,2,,,,,,,,,,,,,,,,
Q07889,SOS1,0,0,0,0,0,0,0,1,0,,2,,,,,,,,,,,,,-232.0,,STTDVCSVFDS,δδδδδδδδδδδ
Q92968,PEX13,0,0,0,0,0,0,1,1,0,,2,,,,,,,,,,,-184.0,,-184.0,,EGTVACLGAED,ββββπππδδδδ
P78383,SLC35B1,0,0,0,0,0,0,1,1,0,,2,,,,,,,,,,,,,,-180.0,LAKYLCVLLIV,πλλβλλσθλχσ
Q13571,LAPTM5,1,1,1,1,1,1,0,1,0,,2,,,,,,,,,,,,,-213.0,,HGKASCKLSQM,βππδδδδδπβθ
Q93100,PHKB,1,1,0,0,0,1,0,0,1,,0,-4.0,,,,,,,,,,,,,,,
Q99808,SLC29A1,0,0,0,1,1,1,1,1,0,,2,,,,,,,,,,,,,,,,
P50151,GNG10,0,1,0,0,0,1,0,0,2,,0,-4.0,,,,,,,,,,,,,,,
Q9Y6N5,SQRDL,0,0,0,0,1,0,0,0,0,,2,,,,,,,,,,,,,-433.0,,AQLFACLLRLG,δδδδδδδδδδδ
Q9UHQ4,BCAP29,0,0,0,0,0,0,1,1,0,,2,,,,,,,,,,,,,,,,
Q9H3K2,GHITM,1,1,1,1,1,1,1,1,0,,2,,,,,,,,,,,,,-338.0,,AARLVCLRTLP,δδδδπδδδδδδ
Q9Y673,ALG5,0,0,0,0,0,1,0,0,0,,2,,,,,,,,,,,,,,,,
P06239,LCK,1,0,1,0,0,0,0,0,0,,2,,,,,,,,,,,,,,,,
P35611,ADD1,0,0,0,0,1,1,0,0,0,,2,,,,,,,,,,,,,,,,
Q96IG2,FBXL20,0,0,0,0,0,1,0,0,0,,0,-4.0,,,,,,,,,,,,,,,
Q8NBK3,SUMF1,0,0,0,0,1,0,0,0,0,3.0,1,,,,,,,,-3.0,,,,,,,,
P05556,ITGB1,1,0,1,1,1,1,1,1,0,,2,,,,,,,,,,,,,,,,
Q9BU23,LMF2,1,1,1,1,0,0,0,0,0,,2,,,,,,,,,,,,,,,,
P04233,CD74,1,0,0,0,0,1,0,0,0,,2,,,,,,,,,,,,,,,,
P49902,NT5C2,0,0,0,0,1,1,1,1,0,,2,,,,,,,,,,,,,-15.0,,QEITHCHDEDD,πδδπδδγσπδπ
Q8N6L1,KRTCAP2,0,0,0,0,0,0,1,1,0,,2,,,,,,,,,,,,,,,,
O94915,FRYL,0,0,0,0,1,1,0,0,0,,2,,,,,,,,,,,,,,,,
Q8IUF8,MINA,0,0,0,0,1,1,0,0,0,,2,,,,,,,,,,,,,-447.0,,EGPAPCKQMKL,δδδδδδδππππ
P49753,ACOT2,0,0,0,0,0,1,0,0,0,,2,,,,,,,,,,,,,,,,
P13535,MYH8,0,0,0,0,1,1,1,1,0,,2,,,,,,,,,,,,,,,,
Q9NX40,OCIAD1,1,1,0,0,1,1,0,0,0,,2,,,,,,,,,,,,,,,,
Q9NRZ7,AGPAT3,0,0,0,0,0,0,1,1,0,,2,,,,,,,,,,,,,,-343.0,NFVQLCTLALW,λββλββλββθθ
P10321,HLA-C,1,0,0,0,0,0,0,0,0,,1,,,,,,,,-3.0,,,,,,,,
P67812,SEC11A,0,1,0,0,1,1,0,0,0,3.0,2,,,,,,,,,,,,,,,,
Q9Y6M5,SLC30A1,1,1,0,0,1,1,0,0,0,,2,,,,,,,,,,,,,,,,
Q8NE35,CPEB3,0,0,0,0,1,1,0,0,0,,2,,,,,,,,,,,,,-269.0,,SSPTRCQNGER,δδδδδδδδδδπ
P57740,NUP107,0,0,0,0,1,1,0,0,0,,2,,,,,,,,,,,,,-848.0,,QPDISCILGTG,δδδπδδδδδδδ
Q15813,TBCE,0,0,0,0,1,1,0,0,0,,2,,,,,,,,,,,,,-6.0,,VENGDCLLVRW,νηηψιψμψιψδ
P51659,HSD17B4,1,1,1,1,0,0,0,0,0,,2,,,,,,,,,,,,,-460.0,,NWKKICDFENA,θβθνρπδρδβτ
Q7Z2W4,ZC3HAV1,1,1,0,0,0,1,0,0,0,,0,-4.0,,,,,,,,,,,,,,,
Q27J81,INF2,0,0,0,0,0,1,0,0,0,,0,-4.0,,,,,,,,,,,,,,,
Q9Y3P8,SIT1,1,0,0,0,0,0,0,0,0,,2,,,,,,,,,,,,,,,,
Q8TEB9,RHBDD1,0,0,0,0,1,1,1,1,0,,2,,,,,,,,,,,,,-99.0,,KIMEACAGGFS,ββσθβββπβππ
Q9NX46,ADPRHL2,0,0,0,0,0,0,1,1,0,,2,,,,,,,,,,,,,-232.0,,LLNPKCRDVFE,σππππππδλλβ
O95169,NDUFB8,1,1,0,0,1,1,0,0,0,,2,,,,,,,,,,,,,,,,
P11279,LAMP1,0,0,0,0,1,1,0,0,0,,2,,,,,,,,,,,,-393.0,-393.0,,LGLMHCASAAM,ππδπππχαωεω
P54709,ATP1B3,1,0,1,1,1,0,0,0,0,,2,,,,,,,,,,,,,,-152.0,KNLTVCPDGAL,πχαδδφδωχαα
P53794,SLC5A3,0,0,0,0,0,0,1,1,0,,2,,,,,,,,,,,,,,,,
O00483,NDUFA4,0,0,0,0,1,1,0,1,0,,2,,,,,,,,,,,-38.0,,-38.0,,FNPDVCWDRNN,λπχβηδπδπβθ
Q8N5B7,CERS5,1,1,1,1,0,0,0,0,0,,2,,,,,,,,,,,,,-269.0,,VRKIQCWFRHR,σβσσββσσβσβ
Q9NQ55,PPAN,0,0,0,0,1,1,0,0,0,3.0,0,,-4.0,,,,,,,,,,,,,,
Q9Y6X5,ENPP4,0,0,0,0,0,1,0,0,0,,2,,,,,,,,,,,,,-31.0,,LTMLTCLIIIM,βββββββββββ
Q14331,FRG1,1,1,0,0,0,0,0,0,0,,1,,,,,,,,,-2.0,,,,,,,
P28907,CD38,1,1,1,1,1,1,1,1,0,2.0,0,,-4.0,,,,,,,,,,,,,,
P15153,RAC2,0,0,1,1,0,1,0,0,2,,0,,-4.0,,,,,,,,,,,,,,
Q9Y2U8,LEMD3,0,0,0,0,1,1,1,1,0,,2,,,,,,,,,,,,,,,,
Q92544,TM9SF4,0,0,0,0,1,1,1,1,0,,2,,,,,,,,,,,,,-624.0,,LFSLMCETSAF,ββββπππππδδ
P30536,TSPO,0,0,0,0,1,1,0,0,0,,2,,,,,,,,,,,,,,,,
O14734,ACOT8,1,1,0,0,1,1,0,0,0,,2,,,,,,,,,,,,,-307.0,,EDGQGCGDRGD,δδδδδδδδδδδ
O15554,KCNN4,0,0,0,0,0,1,0,0,0,,2,,,,,,,,,,,,,,-301.0,VRGPPCVQDLG,πδρδπβββθβπ
O15427,SLC16A3,0,0,0,0,0,1,0,0,0,,2,,,,,,,,,,,,,-57.0,,LGNFFCIRKKP,βσθβββββππδ
P43007,SLC1A4,0,0,0,0,1,1,0,0,0,,2,,,,,,,,,,,,,,,,
P10415,BCL2,0,0,0,0,1,1,1,1,0,,2,,,,,,,,,,,,,,,,
P10114,RAP2A,1,1,0,0,1,1,0,0,1,,0,,-4.0,,,,,,,,,,,,,,
P22234,PAICS,0,0,0,0,1,1,0,0,0,,1,,,,,,,,-3.0,,,,,,,,
O75027,ABCB7,0,1,0,0,0,0,0,0,0,,0,,,"[-3, -1]",,,,,,,,,,,,,
Q8N393,ZNF786,1,0,0,0,0,0,0,0,0,,2,,,,,,,,,,,,,,,,
P21964,COMT,1,1,1,1,0,0,0,0,0,,2,,,,,,,,,,,,,,-238.0,WGWGLCLIGWN,χνπχββββθθχ
P40937,RFC5,0,0,0,0,1,1,0,0,0,,2,,,,,,,,,,,,,-103.0,,ETVYTCTGHPL,βσσθλσβλαδδ
Q9BVK2,ALG8,0,0,0,0,1,1,0,0,0,,2,,,,,,,,,,,,,,,,
O14981,BTAF1,0,0,0,0,1,1,1,1,0,,2,,,,,,,,,,,,,,,,
P13164,IFITM1,0,0,0,0,1,1,1,1,0,,2,,,,,,,,,,,,,-42.0,,ASTAKCLNIWA,βββσββσβββσ
Q9BUT9,FAM195A,1,0,0,0,0,0,0,0,0,,1,,,,,,,,,-2.0,,,,,,,
Q10713,PMPCA,0,0,0,0,1,1,1,1,0,,2,,,,,,,,,,,,,-506.0,,SGSWGCSRLRF,πδδδδπδπδδδ
Q8TAA9,VANGL1,0,0,0,1,0,0,0,0,0,,2,,,,,,,,,,,,,,,,
Q9NVA4,TMEM184C,0,0,0,0,0,0,1,1,0,,2,,,,,,,,,,,,,-113.0,,AEEGSCFDSFL,πδρδδσββσββ
Q9H2M9,RAB3GAP2,0,0,0,0,1,1,0,1,0,,2,,,,,,,,,,,,,-58.0,,LPPTLCTWLKA,αδπβλνβσσββ
Q9UHW9,SLC12A6,0,0,0,0,0,0,0,1,0,,2,,,,,,,,,,,,,-212.0,,KVWRKCSIRIF,ρρνβρψαψεψε
Q9NUJ1,ABHD10,0,0,0,0,0,1,0,0,0,,2,,,,,,,,,,,,,-292.0,,AAWVPCRSWGW,δδδδδδδδδδδ
O94919,ENDOD1,0,1,0,0,1,1,1,1,0,,2,,,,,,,,,,,,,,,,
Q9UHG3,PCYOX1,0,0,0,0,0,0,0,1,0,,2,,,,,,,,,,,,,,,,
P49795,RGS19,0,0,0,0,0,0,1,1,0,,2,,,,,,,,,,,,,,,,
P49189,ALDH9A1,1,1,0,0,1,1,0,0,0,,2,,,,,,,,,,,,,,-11.0,QLKTVCVEMGD,δμδμδιδδπδδ
Q9P2X0,DPM3,1,1,0,0,1,1,0,0,0,,2,,,,,,,,,,,,,,,,
P46379,BAG6,1,1,0,1,1,1,0,0,0,,2,,,,,,,,,,,,,-942.0,,LPYLQCRGGPQ,δππββπδδπδδ
Q13042,CDC16,0,0,0,0,0,0,0,1,0,,2,,,,,,,,,,,,,-77.0,,KDKLKCYDFDV,ππβββπππππθ
Q9UEW8,STK39,0,0,0,0,1,1,0,1,0,,2,,,,,,,,,,,,,,,,
Q9C0B5,ZDHHC5,0,0,1,1,0,0,0,0,0,,2,,,,,,,,,,,,,,-680.0,FFAFTCPGLSL,θββχχλβλθθβ
Q15738,NSDHL,0,0,0,1,0,0,0,0,0,,2,,,,,,,,,,,,,,-34.0,FHYYSCERAKK,ηψδηδρββσθβ
Q8IWA5,SLC44A2,1,1,0,0,0,0,0,0,0,,2,,,,,,,,,,,,,-428.0,,YGIFHCYMEYS,βλλββλββλλβ
Q13685,AAMP,0,0,0,0,1,1,0,0,0,,2,,,,,,,,,,,,,,-7.0,KAKVFCVQRPD,μιγιηγδδδπδ
Q96C86,DCPS,0,0,0,0,1,1,0,0,0,,2,,,,,,,,,,,,,-301.0,,VGNGTCAPVRL,δδδδδπδδδδδ
P41440,SLC19A1,0,0,0,0,0,0,1,1,0,3.0,1,,,,,,,,-3.0,,,,,,,,
O00161,SNAP23,1,1,0,0,0,0,0,0,0,,2,,,,,,,,,,,,,-100.0,,GENSPCNVVSK,ηπππππββπππ
O15228,GNPAT,0,0,0,0,0,0,1,1,0,,2,,,,,,,,,,,,,,-608.0,PIDIKCSVLNS,χβνλλβθλλπδ
Q969Q5,RAB24,0,0,0,0,0,0,1,1,1,,0,,-4.0,,,,,,,,,,,,,,
P25098,ADRBK1,0,0,0,0,1,1,0,0,0,,2,,,,,,,,,,,,,-570.0,,KELLACSHPFS,βθββββνηχδδ
Q9Y6C9,MTCH2,1,0,0,0,0,1,0,0,0,,2,,,,,,,,,,,,,,,,
Q99720,SIGMAR1,1,1,1,1,0,0,0,0,0,,2,,,,,,,,,,,-130.0,,-130.0,,WMGAMCLLHAS,ωιωικτωταδδ
Q96GC9,VMP1,0,0,0,1,0,0,0,0,0,,2,,,,,,,,,,,,,,,,
P40855,PEX19,1,1,0,0,1,1,0,0,1,,0,-4.0,,,,,,,,,,,,,,,
P51157,RAB28,0,1,0,0,1,1,0,0,1,,0,-4.0,,,,,,,,,,,,,,,
O96000,NDUFB10,0,0,0,0,0,1,0,0,0,,2,,,,,,,,,,,,,,,,
Q9Y6W8,ICOS,1,1,0,1,1,1,1,1,0,,2,,,,,,,,,,,,,,,,
Q9BTE3,MCMBP,0,1,0,0,0,0,0,0,0,,2,,,,,,,,,,,,,,,,
P53367,ARFIP1,0,0,0,0,0,0,1,1,0,,2,,,,,,,,,,,-236.0,,-236.0,,LNTYKCTRQII,βλββλλββχββ
Q16644,MAPKAPK3,1,1,0,0,1,1,0,0,0,,0,,-4.0,,,,,,,,,,,,,,
Q8N5N7,MRPL50,0,1,0,0,0,0,0,0,0,,2,,,,,,,,,,,,,,,,
A6NN14,ZNF729,0,0,0,0,0,0,0,1,0,,1,,,,,,,-5.0,,,,,,,,,
Q2PZI1,DPY19L1,0,0,0,0,0,0,1,1,0,,2,,,,,,,,,,,,,,,,
Q7KZN9,COX15,0,0,0,0,0,0,0,1,0,,2,,,,,,,,,,,,,,,,
Q9UDW1,UQCR10,0,0,0,0,1,1,0,0,0,2.0,2,,,,,,,,,,,-9.0,,,,,
P32456,GBP2,0,0,1,1,1,1,1,0,2,,0,,-4.0,,,,,,,,,,,,,,
P24390,KDELR1,0,0,0,0,1,1,1,1,0,,2,,,,,,,,,,,,,-21.0,,QTVLYCDFFYL,σνββθπβσββχ
O95479,H6PD,0,0,0,0,0,1,0,0,0,,2,,,,,,,,,,,,,-632.0,,NINSSCRPGPG,σθχπηνγδδπν
Q8NBN3,TMEM87A,0,0,0,0,0,0,0,1,0,2.0,0,,,,,,-1.0,,,,,,,,,,
Q53H12,AGK,1,1,0,0,1,1,1,1,0,,2,,,,,,,,,,,,,,-403.0,TTAGLCLLTWG,νββββββββββ
P32248,CCR7,1,1,0,0,1,1,1,1,0,,2,,,,,,,,,,,,,,,,
Q7Z2K6,ERMP1,1,1,0,0,1,1,0,0,0,,2,,,,,,,,,,,,,-862.0,,PLVDGCSGGGR,δδδδδδδδδδδ
Q92575,UBXN4,0,0,0,0,1,1,1,1,0,,2,,,,,,,,,,,,,,,,
O60669,SLC16A7,0,0,1,1,0,0,0,0,0,,2,,,,,,,,,,,,,,,,
Q69YN4,KIAA1429,0,0,0,0,1,1,0,1,0,4.0,1,,,,,,,-5.0,,,,,,,,,
O60831,PRAF2,1,1,0,0,1,1,1,1,0,,2,,,,,,,,,,,,,,-151.0,AAPDPCDPQRW,δαδδπβθβββλ
Q9H6U8,ALG9,0,0,0,0,0,0,1,1,0,,2,,,,,,,,,,,,,,,,
Q12974,PTP4A2,1,1,0,0,1,1,0,0,1,,0,,-4.0,,,,,,,,,,,,,,
Q9H9B4,SFXN1,0,0,0,0,0,1,0,0,0,,2,,,,,,,,,,,,,,,,
Q9H3Z4,DNAJC5,1,1,1,1,1,1,1,1,0,,2,,,,,,,,,,,,,,-63.0,CCCGKCKPKAP,ββπδππδπππδ
Q9H6R6,ZDHHC6,0,0,0,0,0,0,1,1,0,,2,,,,,,,,,,,,,-409.0,,MGTFCSVIKF,
O14569,CYB561D2,0,0,0,0,0,0,1,1,0,,2,,,,,,,,,,,,,,-44.0,LLLGMCSLWFT,χλσβθβδπσνπ
Q9NZJ7,MTCH1,0,0,0,0,1,1,0,1,0,,1,,,,,,,-5.0,,,,,,,,,
Q96T51,RUFY1,0,1,0,0,0,0,0,0,0,,2,,,,,,,,,,,,,,,,
P61224,RAP1B,0,0,0,0,0,1,1,0,2,,0,,-4.0,,,,,,,,,,,,,,
Q8N6S5,ARL6IP6,0,0,1,1,0,0,0,0,0,,1,,,,,,,,-3.0,,,,,,,,
P04234,CD3D,1,1,1,1,1,1,1,1,0,,2,,,,,,,,,,,,,-48.0,,ALGVFCFAGHE,βββββββββββ
Q9BZE1,MRPL37,0,0,0,0,1,1,1,1,0,,2,,,,,,,,,,,,,,-58.0,TTDLDCNEGVK,τσνρηδσγδγγ
Q8NCF5,NFATC2IP,0,0,0,0,1,1,0,0,0,,2,,,,,,,,,,,,,-188.0,,QDLRSCLSPKP,βββθβββδδδδ
Q96P70,IPO9,0,0,0,0,1,1,0,1,0,,2,,,,,,,,,,,,,-952.0,,VETHWCAQSEK,λχααδδππρπν
P27701,CD82,1,1,1,1,1,1,1,1,0,,2,,,,,,,,,,,,,,-263.0,MGSACIKVTK,
Q8WY22,BRI3BP,0,0,0,0,1,0,0,0,0,,2,,,,,,,,,,,,,,,,
Q16611,BAK1,1,0,0,0,1,1,0,0,0,,2,,,,,,,,,,,,,,,,
Q9H6H4,REEP4,1,1,0,0,0,0,0,0,0,,2,,,,,,,,,,,,,-58.0,,DTEDECWSDTE,δδπππδπππδδ
O43586,PSTPIP1,0,1,0,0,0,0,0,0,0,,2,,,,,,,,,,,,,,,,
Q9Y294,ASF1A,1,1,0,0,1,1,0,0,0,,1,,,,,,,,,-2.0,,,,,,,
Q5SNT2,TMEM201,0,1,0,1,0,0,0,0,0,,2,,,,,,,,,,,,,,,,
Q96S97,MYADM,0,0,0,0,1,1,1,1,0,,2,,,,,,,,,,,,,,,,
Q9H0U4,RAB1B,0,0,0,0,0,1,1,0,2,,0,,,,,"[-2, -1]",,,,,,,,,,,
Q9UJX4,ANAPC5,0,0,0,0,0,0,1,1,0,,2,,,,,,,,,,,,,,,,
P61289,PSME3,0,0,0,0,1,1,0,1,0,,2,,,,,,,,,,,,,,,,
Q9Y5L0,TNPO3,0,0,0,0,1,1,0,0,0,,2,,,,,,,,,,,,,,-864.0,QDVESCYFAAQ,πδδσσβλσσλλ
Q5W0Z9,ZDHHC20,0,0,1,1,0,0,0,0,0,,2,,,,,,,,,,,,,,-328.0,YVVELCVFTIF,θλπλπλπθπθβ
Q93096,PTP4A1,1,1,0,0,1,1,0,0,1,,0,,-4.0,,,,,,,,,,,,,,
P55061,TMBIM6,1,0,1,1,0,0,0,0,0,,2,,,,,,,,,,,,,,,,
Q9NZC3,GDE1,0,0,0,1,0,0,1,1,0,,1,,,,,,,-5.0,,,,,,,,,
Q9H936,SLC25A22,0,0,0,0,1,1,1,1,0,,2,,,,,,,,,,,,,,,,
Q6NVY1,HIBCH,0,0,0,0,0,0,1,1,0,2.0,1,,,,,,,,-3.0,,,,,,,,
O60884,DNAJA2,1,1,0,0,1,1,0,0,1,,0,,-4.0,,,,,,,,,,,,,,
P11233,RALA,1,1,1,1,1,1,0,0,2,,0,,-4.0,,,,,,,,,,,,,,
Q9BQB6,VKORC1,1,0,0,0,0,0,0,0,0,,2,,,,,,,,,,,,,,-68.0,QLLLGCLRTRW,λρβλσγγλδλβ
O14610,GNGT2,1,1,0,0,1,1,0,0,1,,0,-4.0,,,,,,,,,,,,,,,
Q9H900,ZWILCH,0,0,0,0,1,1,0,0,0,,2,,,,,,,,,,,,,-585.0,,WERLNCAAEDF,λββλχβλλχβλ
Q15629,TRAM1,1,0,1,1,1,1,1,0,0,,2,,,,,,,,,,,,,-346.0,,ADIVSCVAMVF,λββλβββλββλ
Q9BZG1,RAB34,0,0,0,0,0,0,0,1,1,,0,,,,"[-3, -2]",,,,,,,,,,,,
P19440,GGT1,0,0,0,0,0,0,1,1,0,,2,,,,,,,,,,,,,-547.0,,VIVGLCLWLPS,ββββθββππππ
Q13362,PPP2R5C,0,1,0,0,0,0,0,0,0,,2,,,,,,,,,,,,,,,,
O75558,STX11,1,1,1,1,0,0,0,0,0,,1,,,,,,,,-3.0,,,,,,,,
Q9Y4A5,TRRAP,0,0,0,0,1,0,0,0,0,,2,,,,,,,,,,,,,,,,
Q8WV22,NSMCE1,0,0,0,0,0,0,1,1,0,,2,,,,,,,,,,,,,-227.0,,RLQTHCYKVHD,βσσββσθββρπ
O94851,MICAL2,0,0,0,0,1,1,1,1,0,,2,,,,,,,,,,,,,,,,
O75438,NDUFB1,1,0,0,0,0,1,0,0,0,,2,,,,,,,,,,,-34.0,,-34.0,,GFVIGCYLDRK,βββββββββββ
Q9Y3T9,NOC2L,0,0,0,0,0,0,0,1,0,,2,,,,,,,,,,,,,,,,
Q9NP58,ABCB6,0,0,0,0,0,0,1,1,0,,2,,,,,,,,,,,,,,,,
P45880,VDAC2,1,1,1,1,1,1,0,1,0,,2,,,,,,,,,,,,,-68.0,,TSGTNCTRFGI,γππβρδικικι
Q8NG11,TSPAN14,1,1,1,1,1,1,1,1,0,,2,,,,,,,,,,,,,,,,
P54136,RARS,0,0,0,0,1,0,0,0,0,,2,,,,,,,,,,,,,,,,
P11049,CD37,0,0,0,0,1,1,1,1,0,,2,,,,,,,,,,,,,,-251.0,GSLIFCFGIWI,λββλλβχλβθθ
Q9UI14,RABAC1,0,1,0,1,0,0,1,1,0,,2,,,,,,,,,,,,,-122.0,,NLGELCQRLVR,δββσλββλλβχ
Q9UKR5,C14orf1,0,0,0,0,0,0,1,1,0,,2,,,,,,,,,,,,,,,,
O43900,PRICKLE3,1,1,0,0,0,0,0,0,0,,0,-4.0,,,,,,,,,,,,,,,
Q00765,REEP5,1,1,1,1,1,1,1,1,0,2.0,1,,,,,,,,-3.0,,,,,,,,
Q15027,ACAP1,0,0,0,0,1,1,0,0,0,,2,,,,,,,,,,,,,-731.0,,LDFEECLKDSP,δδλβθλλββδπ
Q96PP8,GBP5,0,0,1,1,1,0,1,0,2,,0,-4.0,,,,,,,,,,,,,,,
Q15042,RAB3GAP1,0,0,0,0,0,1,0,0,0,,2,,,,,,,,,,,,,,,,
Q5RI15,COX20,0,0,0,0,0,0,1,1,0,,2,,,,,,,,,,,,,,-60.0,RIRRSCDVGVG,δβββσβββσββ
Q9Y487,ATP6V0A2,0,0,0,0,0,0,1,1,0,,2,,,,,,,,,,,,,,,,
P00414,MT-CO3,1,1,1,0,0,1,0,0,0,,2,,,,,,,,,,,-44.0,,-44.0,,TFLTICFIRQL,βλσβββσβθσβ
Q9H3E2,SNX25,0,0,0,0,1,1,1,1,0,,2,,,,,,,,,,,,,,,,
P04049,RAF1,0,0,0,0,1,1,0,0,0,,2,,,,,,,,,,,,,,,,
P09543,CNP,0,1,1,1,0,1,0,0,2,,0,,-4.0,,,,,,,,,,,,,,
Q07108,CD69,1,0,1,0,0,0,0,0,0,,2,,,,,,,,,,,,,,,,
Q10589,BST2,0,0,0,0,1,1,1,1,0,,2,,,,,,,,,,,,,,,,
O15162,PLSCR1,0,0,0,0,1,1,0,0,0,,2,,,,,,,,,,,,,,-224.0,QPPLNCPPGLE,δαδππδφπλλρ
Q8IXM6,NRM,1,1,1,1,0,0,1,1,0,,2,,,,,,,,,,,,,,,,
P16070,CD44,1,0,1,1,0,0,0,0,0,,2,,,,,,,,,,,,,-730.0,,AAWGLCLVPLS,ββββββπππππ
Q8WWC4,C2orf47,0,0,0,0,0,0,0,1,0,,2,,,,,,,,,,,,,,,,
P21796,VDAC1,1,1,0,0,0,1,0,0,0,,2,,,,,,,,,,,,,,,,
Q9BRT3,MIEN1,0,0,0,0,1,0,0,0,2,,0,-4.0,,,,,,,,,,,,,,,
Q13009,TIAM1,0,0,0,0,0,0,1,1,0,,2,,,,,,,,,,,,,,,,
Q9UMX0,UBQLN1,1,1,0,0,0,0,0,0,0,4.0,2,,,,,,,,,,,-28.0,,,,,
Q14761,PTPRCAP,0,0,1,1,0,0,0,0,0,,2,,,,,,,,,,,,,,,,
Q8IW50,FAM219A,1,1,0,0,1,1,0,0,0,,0,,-4.0,,,,,,,,,,,,,,
Q96CW5,TUBGCP3,0,0,0,0,1,1,1,1,0,2.0,1,,,,,,,,,-2.0,,,,,,,
P32942,ICAM3,0,0,0,0,1,1,1,1,0,,2,,,,,,,,,,,,,,,,
Q6N075,MFSD5,0,0,0,0,1,1,1,1,0,,2,,,,,,,,,,,,,-418.0,,PPGRACSNPSF,δδδπχππδπβν
Q7Z3C6,ATG9A,0,0,0,0,1,0,0,0,0,,2,,,,,,,,,,,,,-76.0,,SASYPCAAPRP,δδδδδδδδδδδ
Q16563,SYPL1,0,0,0,0,1,1,1,1,0,,2,,,,,,,,,,,,,,,,
P05107,ITGB2,1,1,1,1,1,1,1,1,0,,2,,,,,,,,,,,,-751.0,-751.0,,LLSLGCVLSQE,ππππδπππχφφ
Q9H0U3,MAGT1,0,0,1,1,0,0,0,0,0,,2,,,,,,,,,,,,,,,,
O14828,SCAMP3,1,1,1,1,1,1,1,0,0,,2,,,,,,,,,,,,,,,,
P53675,CLTCL1,0,0,1,1,0,0,0,0,0,,2,,,,,,,,,,,,,,,,
P30837,ALDH1B1,1,1,0,0,1,1,0,0,0,,2,,,,,,,,,,,,,-349.0,,DGQHFCFTRHE,δδχωτκικδωα
Q5SZL2,CEP85L,0,1,0,0,1,1,0,0,0,,0,,-4.0,,,,,,,,,,,,,,
A5PLL7,TMEM189,0,0,0,0,1,1,0,0,0,,2,,,,,,,,,,,,,,,,
O95807,TMEM50A,0,0,1,1,0,0,1,1,0,,2,,,,,,,,,,,,,,,,
Q5VTL8,PRPF38B,0,0,0,0,1,1,0,0,0,,2,,,,,,,,,,,,,,,,
Q9UBI1,COMMD3,0,0,0,0,0,0,1,1,0,,2,,,,,,,,,,,,,-26.0,,EISFSCSMEQL,ιδιδιδγπβββ
Q14137,BOP1,0,0,0,0,1,1,0,0,0,,2,,,,,,,,,,,,,,,,
Q8TDZ2,MICAL1,0,0,0,0,0,1,0,0,0,,2,,,,,,,,,,,,,,,,
Q9UBB4,ATXN10,0,1,0,0,0,0,0,0,0,,2,,,,,,,,,,,,,,-120.0,FSNCGCVRAEG,σδλεδδπδδδδ
P62072,TIMM10,0,0,0,0,1,1,0,1,0,,2,,,,,,,,,,,,,,,,
P19397,CD53,1,1,1,0,1,1,1,1,0,,2,,,,,,,,,,,,,,,,
O15391,YY2,0,0,0,0,1,1,0,0,0,,2,,,,,,,,,,,,,-282.0,,EVVGYCDSDNQ,ππππππβπβππ
Q9NUN5,LMBRD1,0,0,0,0,0,0,1,1,0,,2,,,,,,,,,,,,,,,,
Q5T6V5,C9orf64,0,0,0,0,0,0,1,1,0,,0,,-4.0,,,,,,,,,,,,,,
Q9UG22,GIMAP2,1,0,0,0,0,0,0,0,0,,2,,,,,,,,,,,,,,,,
Q8WUX1,SLC38A5,0,0,0,0,0,0,1,1,0,,2,,,,,,,,,,,,,,-80.0,NVLVICVPTIR,σββσβπδλδσσ
Q9UHN6,TMEM2,0,0,0,0,0,1,0,0,0,,2,,,,,,,,,,,,,,,,
P09110,ACAA1,1,1,0,0,1,1,0,0,0,,2,,,,,,,,,,,,,-399.0,,PQAAPCLSGAP,πππδπδπχππδ
Q9BXB4,OSBPL11,0,0,0,0,1,1,0,0,0,,2,,,,,,,,,,,,,,,,
O60282,KIF5C,0,0,0,0,1,1,0,0,0,,2,,,,,,,,,,,,,,,,
Q96SB4,SRPK1,0,0,0,0,1,1,0,0,0,,2,,,,,,,,,,,,,,,,
P17612,PRKACA,0,0,0,0,0,0,1,1,0,,2,,,,,,,,,,,,,,,,
Q9Y2L5,TRAPPC8,0,1,0,0,0,0,0,0,0,,2,,,,,,,,,,,,,,,,
A0A1W2PQL4,A0A1W2PQL4,0,0,0,0,1,1,0,0,0,,2,,,,,,,,,,,,,-295.0,,KHPVTCSHFTQ,δδδδδδδδδδδ
Q07812,BAX,1,1,1,1,1,1,1,1,0,5.0,1,,,,,,,,-3.0,,,,,,,,
Q8NBW4,SLC38A9,0,0,0,0,0,0,1,1,0,,2,,,,,,,,,,,,,,,,
P20807,CAPN3,0,0,0,0,0,0,1,1,0,,2,,,,,,,,,,,,,,,,
Q9Y2X0,MED16,0,0,0,0,1,1,0,0,0,,2,,,,,,,,,,,,,-876.0,,MCDLRRP,
P09564,CD7,1,1,0,0,0,0,1,1,0,,2,,,,,,,,,,,,,-11.0,,MSHSRCNTLSS,πδδπδδδδδδδ
P15907,ST6GAL1,0,0,0,0,1,1,1,1,0,,0,,,,,,-1.0,,,,,,,,,,
P60033,CD81,1,1,1,1,1,1,0,0,0,,2,,,,,,,,,,,,,,-231.0,MGVEGCTKCIK,δδφδδπλββλλ
P50416,CPT1A,0,0,0,0,1,1,0,0,0,,2,,,,,,,,,,,,,,,,
Q86VX2,COMMD7,0,0,0,0,1,1,1,1,0,,0,,,"[-3, -1]",,,,,,,,,,,,,
Q5T2E6,C10orf76,0,0,0,0,0,0,0,1,0,,2,,,,,,,,,,,,,,-649.0,EDPSKCSPRFW,δχπθββπβθσλ
P01111,NRAS,1,1,0,0,1,1,0,0,1,,0,-4.0,,,,,,,,,,,,,,,
Q9UI08,EVL,0,0,0,0,1,1,0,0,0,,2,,,,,,,,,,,,,,,,
Q6PJI9,WDR59,1,1,0,1,0,0,0,0,0,,2,,,,,,,,,,,,,-184.0,,TSSGSCSSMSD,δδδδδδδδδπδ
O15254,ACOX3,0,0,0,0,0,0,1,1,0,,2,,,,,,,,,,,,,,-223.0,VHDGACFRSPL,βππβδαχδηπβ
O95214,LEPROTL1,0,0,0,0,0,0,1,1,0,,2,,,,,,,,,,,,,,,,
O15400,STX7,0,1,0,0,0,0,1,1,0,2.0,0,,-4.0,,,,,,,,,,,,,,
Q7Z4S6,KIF21A,0,0,0,0,1,1,0,0,0,,2,,,,,,,,,,,,,,,,
Q14344,GNA13,0,0,0,0,0,0,1,1,0,,2,,,,,,,,,,,,,,,,
P51116,FXR2,0,0,0,0,0,1,0,0,0,,2,,,,,,,,,,,,,,,,
Q14697,GANAB,0,0,0,0,0,1,0,0,0,3.0,0,,-4.0,,,,,,,,,,,,,,
P04899,GNAI2,0,0,1,0,0,0,0,0,2,,0,-4.0,,,,,,,,,,,,,,,
O95562,SFT2D2,1,1,1,1,0,1,0,0,0,,1,,,,,,,,-3.0,,,,,,,,
Q8WWI5,SLC44A1,1,1,1,1,0,0,0,0,0,,2,,,,,,,,,,,,,,,,
P53990,IST1,0,0,0,0,1,1,0,0,0,,2,,,,,,,,,,,,,,,,
P00156,MT-CYB,1,1,1,1,1,1,0,0,0,,2,,,,,,,,,,,,,,,,
P11169,SLC2A3,0,1,1,1,1,1,0,1,0,,2,,,,,,,,,,,,,,,,
Q96TC7,RMDN3,0,0,0,0,0,0,0,1,0,,2,,,,,,,,,,,,,,,,
Q15437,SEC23B,1,1,0,0,1,1,0,0,0,,0,,,,,,-1.0,,,,,,,,,,
Q9BVC4,MLST8,0,0,0,0,0,1,0,0,0,,2,,,,,,,,,,,,,,-206.0,SRNLQCQRIFQ,δπβσδτδδιδγ
Q8TD19,NEK9,0,0,0,0,1,0,0,0,0,,1,,,,,,,-5.0,,,,,,,,,
Q9UHY1,NRBP1,0,0,0,0,1,1,0,0,0,,2,,,,,,,,,,,,,,,,
Q8N4C8,MINK1,0,0,0,0,0,0,1,1,0,,1,,,,,,,-5.0,,,,,,,,,
Q6NW34,C3orf17,0,0,0,0,1,1,0,0,0,,2,,,,,,,,,,,,,,,,
O96011,PEX11B,0,1,0,0,1,1,1,1,0,,2,,,,,,,,,,,,,-107.0,,QESSACSRRLK,βββββββββββ
Q9H3N1,TMX1,1,1,1,1,1,1,1,1,0,,2,,,,,,,,,,,,,-116.0,,MWIRTCHNYFI,ββλββχλθθθθ
Q12999,TSPAN31,0,0,1,1,0,0,0,0,0,,2,,,,,,,,,,,,,,-208.0,MVCGGFAC,
Q9NV92,NDFIP2,0,0,1,0,0,0,1,1,0,,2,,,,,,,,,,,,,,,,
Q9NPF2,CHST11,0,0,0,0,0,0,0,1,0,,2,,,,,,,,,,,,,,,,
Q9H082,RAB33B,0,0,0,0,0,0,1,1,1,,0,,,"[-3, -1]",,,,,,,,,,,,,
P32189,GK,0,0,0,0,0,1,0,0,0,,2,,,,,,,,,,,,,-26.0,,DPSIFCSLPLG,ππβπβπδπδββ
Q15388,TOMM20,0,0,0,0,0,0,1,1,0,,2,,,,,,,,,,,,,-46.0,,NAIAVCGQPQQ,βσλβσδπθνπβ
P32455,GBP1,1,1,0,0,1,1,0,0,1,,0,,-4.0,,,,,,,,,,,,,,
P62070,RRAS2,1,1,0,0,0,1,0,0,1,,0,-4.0,,,,,,,,,,,,,,,
P16930,FAH,0,0,0,0,1,1,0,0,0,,2,,,,,,,,,,,,,-315.0,,TELRKCAFISQ,ββσβββρμδγν
Q96A26,FAM162A,1,1,0,0,0,0,0,0,0,,2,,,,,,,,,,,,,-114.0,,RINGFCTKPQE,δδπδδδδδδδδ
Q969X1,TMBIM1,1,1,1,1,0,0,1,1,0,,2,,,,,,,,,,,,,,-158.0,LILACCQGPRR,θθθρππλπλθλ
P03915,MT-ND5,0,0,0,0,1,1,0,0,0,,2,,,,,,,,,,,,,,,,
O43765,SGTA,0,0,0,0,1,1,0,0,0,,2,,,,,,,,,,,,,-276.0,,EVAIQCLETAF,βββσββσθββν
Q96D96,HVCN1,0,0,0,0,0,0,1,1,0,,2,,,,,,,,,,,,,,,,
Q9NP72,RAB18,0,0,1,1,0,0,0,0,1,,0,,-4.0,,,,,,,,,,,,,,
Q96JJ7,TMX3,0,1,0,0,0,0,0,0,0,,2,,,,,,,,,,,,,-431.0,,LDMVVCKGFVE,βββββλββχαα
Q9HC07,TMEM165,0,0,0,0,1,1,0,0,0,,2,,,,,,,,,,,,,,,,
Q96G23,CERS2,1,0,1,0,0,0,0,0,0,,2,,,,,,,,,,,,,,,,
P51828,ADCY7,0,0,0,1,0,0,0,0,0,,2,,,,,,,,,,,,,,,,
Q03252,LMNB2,1,1,0,0,1,1,0,0,1,,0,,-4.0,,,,,,,,,,,,,,
Q8IWR1,TRIM59,0,0,0,0,0,0,1,1,0,,2,,,,,,,,,,,,,,,,
P47756,CAPZB,1,1,0,0,1,0,0,0,0,,0,,,,,,-1.0,,,,,,,,,,
Q15758,SLC1A5,1,1,0,0,1,0,0,0,0,,2,,,,,,,,,,,,,,,,
Q6NUQ4,TMEM214,1,1,1,1,1,1,1,1,0,,2,,,,,,,,,,,,,-110.0,,FLSAHCASHLA,βββββββββλβ
Q9NYG2,ZDHHC3,1,1,1,1,0,0,0,0,0,,2,,,,,,,,,,,,,,,,
O95977,S1PR4,0,0,0,0,0,0,1,1,0,,2,,,,,,,,,,,,,,-372.0,VAPESCQQLAA,δπλββλββθββ
Q86XK2,FBXO11,0,0,0,0,0,1,0,0,0,,2,,,,,,,,,,,,,-815.0,,PKRTACPTKNS,δδδδδδδψδδδ
O96008,TOMM40,0,0,0,0,1,1,0,0,0,,2,,,,,,,,,,,,,,,,
P60468,SEC61B,1,1,1,1,0,0,0,0,0,,2,,,,,,,,,,,-58.0,,-58.0,,RKNASCGTRSA,πδδδδδδδπππ
Q96EA4,SPDL1,0,1,0,0,0,0,0,0,0,,0,,-4.0,,,,,,,,,,,,,,
P08134,RHOC,0,0,1,0,0,1,0,0,2,,0,,-4.0,,,,,,,,,,,,,,
Q8TBQ9,TMEM167A,0,0,0,0,1,0,0,0,0,,2,,,,,,,,,,,,,,-27.0,GIFWKCARIGE,ββσνββσββθβ
P03905,MT-ND4,0,0,0,0,0,1,0,0,0,,2,,,,,,,,,,,,,-408.0,,NNLFSCSPTFS,χδωαδπδλφφτ
Q14593,ZNF273,0,0,0,0,1,1,0,0,0,,2,,,,,,,,,,,,,,,,
Q9H330,TMEM245,0,0,0,0,1,1,1,1,0,,2,,,,,,,,,,,,,,,,
P61225,RAP2B,1,1,1,1,0,1,0,0,2,,0,-4.0,,,,,,,,,,,,,,,
P22307,SCP2,1,1,0,0,1,1,0,0,0,3.0,1,,,,,,,,,-2.0,,,,,,,
Q2T9J0,TYSND1,1,1,0,0,0,0,0,0,0,,2,,,,,,,,,,,,,,,,
A6NNY8,USP27X,0,0,0,0,0,1,0,0,0,,2,,,,,,,,,,,,,,,,
Q9UK08,GNG8,0,0,0,0,0,1,0,0,2,,0,-4.0,,,,,,,,,,,,,,,
P16615,ATP2A2,1,1,0,0,0,0,0,0,0,,2,,,,,,,,,,,,,,,,
Q96JC1,VPS39,0,0,0,0,0,0,1,1,0,,2,,,,,,,,,,,,,-828.0,,PESGSCNRFEV,πππδππρδιδι
Q06136,KDSR,0,0,0,0,0,0,0,1,0,,2,,,,,,,,,,,,,,-15.0,SIVRRCMMQRE,βσβββββββββ
P37268,FDFT1,1,1,0,0,0,0,0,0,0,,2,,,,,,,,,,,,,,,,
P78527,PRKDC,0,0,0,0,1,1,0,0,0,,2,,,,,,,,,,,,,,,,
P43489,TNFRSF4,0,0,0,0,1,1,0,0,0,,2,,,,,,,,,,,,,,,,
Q9C0D9,EPT1,0,0,0,0,0,0,1,1,0,,2,,,,,,,,,,,,,,,,
Q13530,SERINC3,0,0,0,0,0,0,1,1,0,,2,,,,,,,,,,,,,,,,
Q8N4V1,MMGT1,0,0,0,0,0,0,0,1,0,,2,,,,,,,,,,,-75.0,,-75.0,,AFAVTCYGIVH,σββσνββσβββ
Q8TB72,PUM2,0,0,0,0,1,1,1,1,0,,2,,,,,,,,,,,,,-898.0,,GMDADCKDFNR,δδδδδδδδδδδ
Q7Z434,MAVS,0,1,0,0,0,0,0,0,0,3.0,0,,-4.0,,,,,,,,,,,,,,
P20700,LMNB1,1,1,0,0,1,1,0,0,1,,0,-4.0,,,,,,,,,,,,,,,
Q5BJF2,TMEM97,1,1,1,1,1,1,1,1,0,,2,,,,,,,,,,,,,,,,
Q9H9S4,CAB39L,0,0,0,0,0,0,1,1,0,,2,,,,,,,,,,,,,,,,
Q9Y3E5,PTRH2,1,1,1,1,0,0,0,0,0,,2,,,,,,,,,,,,,,,,
Q99643,SDHC,1,0,0,0,1,1,0,0,0,,2,,,,,,,,,,,,,,,,
Q9H8Y5,ANKZF1,0,0,0,0,1,1,1,1,0,,2,,,,,,,,,,,,,,,,
P00395,MT-CO1,0,1,0,0,0,0,0,0,0,,2,,,,,,,,,,,-16.0,,-16.0,,EWLYGCPPPYH,σθβχηγηρδστ
Q8TCJ2,STT3B,1,0,1,1,0,0,0,0,0,,2,,,,,,,,,,,,,,,,
O15118,NPC1,0,0,0,0,0,0,1,1,0,,2,,,,,,,,,,,,,,,,
O94927,HAUS5,1,1,0,0,0,0,0,0,0,,1,,,,,,,,,-2.0,,,,,,,
Q8WUD1,RAB2B,0,0,1,1,0,0,1,1,1,,0,,,,,"[-2, -1]",,,,,,,,,,,
Q13190,STX5,0,0,0,0,0,1,0,0,0,3.0,0,,,,,,-1.0,,,,,,,,,,
Q9UBM7,DHCR7,1,0,0,0,0,0,0,0,0,,2,,,,,,,,,,,,,-358.0,,SLPDFCHKFLP,ππααπθββπππ
Q5BJD5,TMEM41B,1,1,1,1,0,0,1,1,0,,2,,,,,,,,,,,,,,,,
Q5BKT4,ALG10,0,0,0,0,0,0,1,1,0,,2,,,,,,,,,,,,,,-189.0,SSHEACLHFPQ,βχχφφδχχβθλ
P13598,ICAM2,0,0,0,1,0,0,0,0,0,,2,,,,,,,,,,,,,-31.0,,TSVLLCFIFGQ,βββββββββββ
O75832,PSMD10,0,0,0,0,0,1,0,0,0,,2,,,,,,,,,,,,,,,,
O95772,STARD3NL,0,0,0,0,0,0,1,1,0,,2,,,,,,,,,,,,,,,,
Q96HY6,DDRGK1,0,0,0,0,1,0,0,0,0,2.0,2,,,,,,,,,,,,,,,,
P08842,STS,0,1,0,0,0,0,0,0,0,,2,,,,,,,,,,,,,-379.0,,LAALNCLGLLH,βββθθββββδδ
Q5XKP0,QIL1,0,1,0,0,0,0,0,0,0,,2,,,,,,,,,,,-59.0,,-59.0,,FSQYVCQQTGL,βχββθθββπβδ
P61201,COPS2,0,0,0,0,1,1,1,1,0,,2,,,,,,,,,,,,,,,,
P60228,EIF3E,0,0,0,0,0,1,0,0,0,,2,,,,,,,,,,,,,,,,
Q15831,STK11,0,1,0,0,0,0,0,0,1,,0,,-4.0,,,,,,,,,,,,,,
Q15365,PCBP1,1,1,0,0,1,0,0,0,0,,1,,,,,,,,,-2.0,,,,,,,
P13682,ZNF35,0,1,0,0,0,0,0,0,0,,2,,,,,,,,,,,,,,,,
P55209,NAP1L1,1,1,0,0,1,1,0,0,1,,0,,-4.0,,,,,,,,,,,,,,
Q9NQC3,RTN4,1,1,1,1,0,0,0,0,0,,2,,,,,,,,,,,,,,,,
Q96AG4,LRRC59,0,1,0,0,0,0,0,0,0,,2,,,,,,,,,,,,,,,,
Q6P1A2,LPCAT3,1,0,1,1,1,1,1,1,0,,2,,,,,,,,,,,,,,-218.0,PFWFRCMYMLI,δλββλλβσλλβ
P20340,RAB6A,0,0,0,0,0,1,0,0,2,,0,,,"[-3, -1]",,,,,,,,,,,,,
O00423,EML1,0,0,0,0,0,0,0,1,0,,2,,,,,,,,,,,,,-795.0,,SLLQFCNDDSA,βββββππδπδπ
Q9UBB6,NCDN,0,0,0,0,0,0,1,1,0,,1,,,,,,,-5.0,,,,,,,,,
P15151,PVR,1,0,1,0,0,0,0,0,0,4.0,1,,,,,,,,-3.0,,,,,,,,
P08237,PFKM,0,0,0,0,1,1,1,0,0,,2,,,,,,,,,,,,,,-262.0,QFDELCIPFVV,πηχσσληφψεψ
O14880,MGST3,0,1,0,0,1,1,1,1,0,,0,,,,"[-3, -2]",,,,,,,,,,,,
P11166,SLC2A1,0,0,0,0,1,1,1,1,0,,2,,,,,,,,,,,,,,,,
Q5VW32,BROX,1,1,0,0,0,1,0,0,1,,0,,-4.0,,,,,,,,,,,,,,
P01116,KRAS,1,1,0,0,1,1,0,0,1,,0,-4.0,,,,,,,,,,,,,,,
O43760,SYNGR2,1,1,1,1,0,0,0,0,0,,2,,,,,,,,,,,,,,,,
Q08722,CD47,0,0,1,1,0,0,1,1,0,,2,,,,,,,,,,,,,,,,
Q7Z5G4,GOLGA7,0,0,0,0,0,0,1,1,0,,2,,,,,,,,,,,,,-114.0,,SSGTRCQFQTK,πβηδαλατδλδ
P54852,EMP3,1,1,1,1,1,1,1,1,0,,2,,,,,,,,,,,,,,,,
Q8N131,TMEM123,1,1,1,1,0,0,0,0,0,,2,,,,,,,,,,,-22.0,,-22.0,,ILYIGCKMYYS,βββββββββββ
Q8NBI2,CYB561A3,0,1,1,1,0,0,1,1,0,,2,,,,,,,,,,,,,,,,
Q8NHH9,ATL2,0,0,0,0,1,1,1,1,0,,2,,,,,,,,,,,,,,,,
P67936,TPM4,1,1,0,0,0,0,0,0,0,,1,,,,,,,,,-2.0,,,,,,,
Q969Z0,TBRG4,0,0,0,0,0,0,1,1,0,,2,,,,,,,,,,,,,,,,
Q9BTV4,TMEM43,1,0,1,0,1,0,0,0,0,,2,,,,,,,,,,,-47.0,,-47.0,,KAFAFCVATSL,σλβσνλβσχλβ
Q9C0E8,LNP,0,0,0,0,0,0,1,1,0,,2,,,,,,,,,,,,,,,,
P32121,ARRB2,0,1,0,0,0,0,0,0,0,,0,,,,,,-1.0,,,,,,,,,,
P60059,SEC61G,0,0,0,0,1,1,0,0,0,,2,,,,,,,,,,,-44.0,,-44.0,,RLVKRCTKPDR,ββββπδδδδδπ
Q969M3,YIPF5,0,0,0,0,1,1,0,0,0,,2,,,,,,,,,,,,,,,,
Q15392,DHCR24,1,1,1,1,0,0,0,0,0,,2,,,,,,,,,,,,,,,,
Q5VZE5,NAA35,0,0,0,0,1,1,0,0,0,,2,,,,,,,,,,,,,-686.0,,DFEEACRELKL,ββββββββδδπ
O14735,CDIPT,0,0,0,0,1,1,1,1,0,,2,,,,,,,,,,,,,,-183.0,FYFMPCCPLTA,λβθλβππλβσσ
Q9UL25,RAB21,0,0,1,1,0,0,0,0,1,,0,,-4.0,,,,,,,,,,,,,,
Q2VIQ3,KIF4B,0,0,0,0,1,1,1,1,0,,2,,,,,,,,,,,,,,,,
Q15125,EBP,1,0,1,1,1,0,0,0,0,,2,,,,,,,,,,,,,,,,
Q86UL3,AGPAT6,0,0,0,0,0,0,1,1,0,,2,,,,,,,,,,,,,-338.0,,DIFYFCRKGME,σββββββββββ
P07686,HEXB,0,0,0,0,1,1,0,1,0,,2,,,,,,,,,,,,,-553.0,,MELCGLGLP,
Q13488,TCIRG1,0,0,0,0,0,0,1,1,0,,2,,,,,,,,,,,,,,,,
Q7Z3U7,MON2,0,0,0,0,0,0,1,1,0,,2,,,,,,,,,,,,,-1204.0,,ELETECQTTTE,βββββββββππ
Q9Y4H4,GPSM3,1,1,0,0,0,0,0,0,0,,0,,,,,,-1.0,,,,,,,,,,
P02786,TFRC,0,0,0,0,0,0,1,1,0,,2,,,,,,,,,,,,,,,,
P20701,ITGAL,0,0,0,0,1,1,0,0,0,,2,,,,,,,,,,,,,,,,
Q9BT22,ALG1,1,1,0,0,0,0,0,0,0,,2,,,,,,,,,,,,,,,,
Q9HC21,SLC25A19,0,0,0,0,1,1,1,1,0,,2,,,,,,,,,,,,,,,,
Q8NF37,LPCAT1,0,0,0,0,1,1,1,1,0,,2,,,,,,,,,,,,,,,,
Q7Z2Z2,EFTUD1,0,0,0,0,0,1,0,0,0,,2,,,,,,,,,,,,,,,,
P23786,CPT2,0,0,0,0,0,0,1,1,0,,2,,,,,,,,,,,,,,,,
Q9Y3L5,RAP2C,1,1,0,0,1,1,0,0,2,,0,-4.0,,,,,,,,,,,,,,,
O95573,ACSL3,0,1,0,0,0,0,0,0,0,,2,,,,,,,,,,,,,,,,
Q9Y3P9,RABGAP1,0,1,0,0,0,0,0,0,0,,0,,,,,,-1.0,,,,,,,,,,
O60725,ICMT,0,0,0,0,0,0,1,1,0,,2,,,,,,,,,,,,,-281.0,,MAGCAARAP,
Q92556,ELMO1,1,1,0,0,1,0,0,0,0,,1,,,,,,,,,-2.0,,,,,,,
P61026,RAB10,0,0,0,0,0,1,1,1,2,,0,,,,,"[-2, -1]",,,,,,,,,,,
Q9BQP7,MGME1,0,1,0,0,0,0,0,0,0,,2,,,,,,,,,,,,,,,,
P27487,DPP4,1,0,1,0,1,1,1,1,0,,1,,,,,,,-5.0,,,,,,,,,
Q86T03,TMEM55B,1,1,1,1,1,1,1,1,0,3.0,1,,,,,,,,,-2.0,,,,,,,
Q8WV99,ZFAND2B,1,1,0,0,0,1,0,0,2,,0,,-4.0,,,,,,,,,,,,,,
P60953,CDC42,0,1,1,1,0,1,0,1,2,,0,-4.0,,,,,,,,,,,,,,,
Q8NFH5,NUP35,0,0,0,0,1,1,0,0,0,,2,,,,,,,,,,,,,-72.0,,ESSDRCALSSP,βββθθββπδδπ
Q9Y2S7,POLDIP2,0,0,0,0,0,1,0,0,0,,2,,,,,,,,,,,,,,,,
Q9NPR9,GPR108,0,0,0,0,0,0,1,1,0,,2,,,,,,,,,,,,,-514.0,,LLLGGCSGRIH,λπδφαφδφδφδ
Q6IAA8,LAMTOR1,1,0,0,0,0,0,0,0,0,,2,,,,,,,,,,,,,,,,
Q6UW68,TMEM205,0,0,0,0,1,1,1,1,0,,2,,,,,,,,,,,,,,,,
P63218,GNG5,1,1,1,1,1,1,1,1,2,,0,,-4.0,,,,,,,,,,,,,,
P13612,ITGA4,0,0,0,0,0,1,0,0,0,,2,,,,,,,,,,,,,-1008.0,,VMLLLCLGVPT,βββββββπδππ
O75955,FLOT1,0,0,0,0,1,1,1,1,0,,2,,,,,,,,,,,,,,-411.0,VVSGFCRSPPV,ωκδφδπαββιδ
P12081,HARS,1,1,0,0,0,0,0,0,0,,0,,,"[-3, -1]",,,,,,,,,,,,,
Q9NTJ5,SACM1L,0,0,0,0,0,0,1,1,0,,2,,,,,,,,,,,,,-565.0,,FYVEACDDGAD,ιωιαρππππγχ
Q8NB42,ZNF527,0,0,0,0,1,1,0,0,0,,2,,,,,,,,,,,,,,,,
Q15067,ACOX1,1,1,1,0,1,1,1,1,0,,2,,,,,,,,,,,,,-462.0,,ITKGKCYGLHA,ηφπνδτπττφτ
O95985,TOP3B,0,0,0,0,1,1,0,1,0,3.0,1,,,,,,,,,-2.0,,,,,,,
Q9Y3A6,TMED5,0,0,0,0,0,0,1,1,0,,2,,,,,,,,,,,,,,,,
P11117,ACP2,0,0,0,0,0,0,0,1,0,,2,,,,,,,,,,,,,-36.0,,VALAVCGSILF,βββββββββββ
Q14242,SELPLG,0,0,0,0,1,1,1,1,0,,2,,,,,,,,,,,,,-49.0,,PTEMVCISSLL,πββππππββππ
Q99733,NAP1L4,1,1,0,0,1,1,0,0,1,,0,,-4.0,,,,,,,,,,,,,,
Q9Y5B9,SUPT16H,0,0,0,0,1,1,1,1,0,,2,,,,,,,,,,,,,-474.0,,RINFYCPGSAL,κταγδαπππδπ
P0CG31,ZNF286B,0,0,0,0,0,0,0,1,0,,2,,,,,,,,,,,,,,,,
Q5SRD1,TIMM23B,0,0,0,0,0,0,0,1,0,,2,,,,,,,,,,,,,,,,
P01112,HRAS,1,1,0,0,0,1,0,0,1,,0,-4.0,,,,,,,,,,,,,,,
Q14088,RAB33A,0,0,0,1,1,1,1,0,2,,0,,,"[-3, -1]",,,,,,,,,,,,,
Q9H0R3,TMEM222,1,1,1,1,1,1,1,1,0,,2,,,,,,,,,,,,,,,,
Q99442,SEC62,1,0,1,1,0,0,1,1,0,,2,,,,,,,,,,,,,-21.0,,QTDGDCEEDEE,βππδδδδδδδδ
Q16850,CYP51A1,0,1,0,0,0,0,0,0,0,,2,,,,,,,,,,,,,,,,
O43169,CYB5B,1,1,1,1,1,1,1,0,0,,2,,,,,,,,,,,,,,,,
Q9Y624,F11R,1,1,1,1,0,0,0,0,0,,2,,,,,,,,,,,,,,,,
P59768,GNG2,1,1,1,1,1,1,0,0,2,,0,-4.0,,,,,,,,,,,,,,,
Q96HE7,ERO1L,0,0,0,0,0,1,0,0,0,,2,,,,,,,,,,,,-303.0,-303.0,,SSDNFCEADDI,βπχαλαδπρπσ
Q9BVM2,DPCD,1,1,0,0,1,1,0,0,1,,0,,-4.0,,,,,,,,,,,,,,
Q5T9A4,ATAD3B,0,0,0,0,1,1,1,1,0,2.0,0,,-4.0,,,,,,,,,,,,,,
O14672,ADAM10,1,1,1,1,0,0,0,0,0,,2,,,,,,,,,,,,,,,,
P62745,RHOB,0,0,0,0,0,1,0,0,2,,0,,-4.0,,,,,,,,,,,,,,
Q7Z7H5,TMED4,0,0,0,0,0,1,0,0,0,,2,,,,,,,,,,,,,-205.0,,LLLALCATGAQ,ββββββββπδδ
Q6P2H3,CEP85,1,1,0,0,0,1,0,0,1,,0,,-4.0,,,,,,,,,,,,,,
P08962,CD63,1,1,1,1,0,0,0,0,0,,2,,,,,,,,,,,,,,,,
Q15022,SUZ12,0,1,0,0,0,0,0,0,0,,2,,,,,,,,,,,,,,,,
Q9BW60,ELOVL1,1,1,1,0,1,0,0,0,0,,2,,,,,,,,,,,,,,,,
Q9HCE3,ZNF532,0,0,0,0,1,1,0,0,0,,2,,,,,,,,,,,,,-1015.0,,AASDSCKEPVA,ββπππδδδδδδ
Q9ULC5,ACSL5,0,0,0,0,0,0,1,1,0,,2,,,,,,,,,,,,,,,,
Q8TCD1,C18orf32,1,1,1,1,0,0,0,0,0,,2,,,,,,,,,,,,,-6.0,,GPTEICDKKKD,δδδδδδδδδδδ
Q96FZ5,CMTM7,0,0,0,0,1,1,0,0,0,,2,,,,,,,,,,,,,,,,
O95716,RAB3D,0,0,0,0,0,0,1,0,1,,0,,,"[-3, -1]",,,,,,,,,,,,,
Q9UKV5,AMFR,0,0,0,0,1,1,0,0,0,,2,,,,,,,,,,,,,,,,
Q86VR2,FAM134C,0,0,0,0,0,0,1,1,0,,2,,,,,,,,,,,,,,,,
Q5TA45,CPSF3L,0,0,0,0,0,0,1,1,0,,2,,,,,,,,,,,,,,,,
Q96KA5,CLPTM1L,0,0,0,0,1,1,1,1,0,,2,,,,,,,,,,,,,,,,
Q9C0C9,UBE2O,0,0,0,0,1,1,0,0,0,,1,,,,,,,-5.0,,,,,,,,,
Q15382,RHEB,1,1,0,0,1,1,0,0,1,,0,,-4.0,,,,,,,,,,,,,,
P06127,CD5,0,0,1,1,0,0,0,0,0,,2,,,,,,,,,,,,,,,,
P29803,PDHA2,0,0,0,0,0,0,1,1,0,,2,,,,,,,,,,,,,,,,
P00387,CYB5R3,0,0,1,1,0,0,0,0,0,,0,,-4.0,,,,,,,,,,,,,,
Q8TB61,SLC35B2,0,0,0,0,0,1,0,0,0,,2,,,,,,,,,,,,,,,,
P36507,MAP2K2,0,0,0,0,1,1,0,1,0,,2,,,,,,,,,,,,,,-52.0,EFVNKCLIKNP,βλσβλσνδνπσ
O60906,SMPD2,0,1,0,0,0,0,0,0,0,,2,,,,,,,,,,,,,-82.0,,LLALLCVLAAG,λλββλββλλββ
Q9HA64,FN3KRP,0,0,0,0,1,1,0,0,0,,2,,,,,,,,,,,,,-299.0,,RRELGCSSVRA,θββββφπδκδω
O95164,UBL3,0,0,0,0,0,1,0,0,2,,0,-4.0,,,,,,,,,,,,,,,
Q8N2K0,ABHD12,1,0,0,0,0,0,0,0,0,,2,,,,,,,,,,,,,,,,
Q99735,MGST2,0,0,0,0,0,1,0,0,0,2.0,0,,,,,,-1.0,,,,,,,,,,
P61586,RHOA,1,1,1,1,0,1,0,0,2,,0,-4.0,,,,,,,,,,,,,,,
Q8TAF3,WDR48,0,0,0,0,1,1,0,0,0,,2,,,,,,,,,,,,,,,,
Q13217,DNAJC3,0,0,0,0,1,1,0,0,0,,2,,,,,,,,,,,,,-474.0,,YEGAECGVNAD,βπππππδδπβλ
P42345,MTOR,0,0,0,0,1,1,0,0,0,,0,,-4.0,,,,,,,,,,,,,,
Q9UPU7,TBC1D2B,0,0,0,0,0,1,0,0,0,,2,,,,,,,,,,,,,,,,
Q9NVI7,ATAD3A,0,0,0,0,1,1,1,1,0,,2,,,,,,,,,,,,,,,,
A4D1S5,RAB19,0,0,0,1,0,0,0,0,1,,0,,,"[-3, -1]",,,,,,,,,,,,,
Q8N697,SLC15A4,0,0,0,0,0,0,1,1,0,,2,,,,,,,,,,,,,,-164.0,MFFVMCSAFAA,λβλσλβλλλλβ
Q96M27,PRRC1,0,0,0,0,0,1,0,0,0,,2,,,,,,,,,,,-98.0,,-98.0,,WFDIGCLVVED,ιωικικιωιδγ
O95870,ABHD16A,1,1,0,0,1,1,1,1,0,,2,,,,,,,,,,,,,-354.0,,VKKLPCQITSY,ββθββλβββλβ
Q8WW22,DNAJA4,1,1,0,0,1,1,0,0,1,,0,,-4.0,,,,,,,,,,,,,,
P08195,SLC3A2,0,0,0,0,1,1,0,0,0,,2,,,,,,,,,,,,,,,,
Q9NVH1,DNAJC11,0,0,0,0,1,1,1,1,0,,2,,,,,,,,,,,,,-522.0,,AYRRLCMLYHP,σλββλθββλβλ
Q8N5D0,WDTC1,1,1,0,0,0,1,0,0,0,,0,,-4.0,,,,,,,,,,,,,,
Q7Z4H7,HAUS6,0,0,0,0,1,1,0,0,0,2.0,0,,,,,,-1.0,,,,,,,,,,
Q92685,ALG3,0,0,0,0,1,1,1,1,0,,2,,,,,,,,,,,,,-418.0,,QAEGLCKQWLQ,βββββββββββ
P61006,RAB8A,0,0,1,1,0,1,1,1,2,,0,-4.0,,,,,,,,,,,,,,,
Q9Y3B3,TMED7,0,0,0,0,0,0,0,1,0,,2,,,,,,,,,,,,,,,,
P49454,CENPF,0,1,0,0,0,1,0,0,1,,0,,-4.0,,,,,,,,,,,,,,
Q9Y5S1,TRPV2,0,0,0,0,1,1,0,1,0,,2,,,,,,,,,,,,,,,,
Q14642,INPP5A,0,0,0,0,0,1,0,0,1,,0,-4.0,,,,,,,,,,,,,,,
O15126,SCAMP1,1,1,1,1,1,1,1,1,0,,2,,,,,,,,,,,,,-207.0,,FPVGPCFYQDF,δπδδρπηδδδλ
Q9NY35,CLDND1,1,1,1,1,0,0,0,0,0,,2,,,,,,,,,,,,,,,,
P31689,DNAJA1,1,1,0,0,1,1,0,0,1,,0,,-4.0,,,,,,,,,,,,,,
Q9BQG0,MYBBP1A,0,0,0,0,0,0,1,0,0,,2,,,,,,,,,,,,,,,,
Q5TAQ9,DCAF8,1,1,0,0,0,0,0,0,1,,0,,-4.0,,,,,,,,,,,,,,
Q68DE3,KIAA2018,0,0,0,0,0,1,0,0,0,,1,,,,,,,-5.0,,,,,,,,,
Q9BSY4,CHCHD5,0,0,0,0,1,0,0,0,0,2.0,1,,,,,,,,-3.0,,,,,,,,
Q96T49,PPP1R16B,1,1,0,0,0,1,0,0,1,,0,,-4.0,,,,,,,,,,,,,,
Q04446,GBE1,0,0,0,0,0,1,0,0,0,,2,,,,,,,,,,,,,,,,
Q8TB52,FBXO30,0,0,0,0,1,0,0,0,0,,2,,,,,,,,,,,,,,,,
Q9BUB7,TMEM70,0,0,0,0,0,0,0,1,0,,2,,,,,,,,,,,,,,,,
Q2TAA5,ALG11,0,0,0,0,0,0,1,1,0,,2,,,,,,,,,,,,,,,,
Q6NTF9,RHBDD2,0,0,0,0,0,0,1,0,0,,2,,,,,,,,,,,,,,,,
P63000,RAC1,0,1,1,1,0,1,0,0,2,,0,-4.0,,,,,,,,,,,,,,,
P42695,NCAPD3,0,0,0,0,1,1,1,1,0,,2,,,,,,,,,,,,,,,,
P0DJ93,SMIM13,1,1,1,1,0,0,0,0,0,,2,,,,,,,,,,,-67.0,,-67.0,,LLLMVCGWYFV,βθθββθβββββ
Q9BVK8,TMEM147,1,0,1,1,1,1,0,1,0,,2,,,,,,,,,,,,,-35.0,,TFVHLCSLGSW,ββθββββδδσβ
Q9P2W9,STX18,0,0,0,0,0,0,1,0,0,,2,,,,,,,,,,,,,-13.0,,FFLVMCSFSLL,βββββββββββ
Q9Y5M8,SRPRB,0,0,0,1,0,0,0,0,0,,2,,,,,,,,,,,,,,,,
Q9UNK0,STX8,1,1,0,0,0,0,0,0,0,,2,,,,,,,,,,,,,,,,
O15397,IPO8,0,0,0,0,0,0,1,1,0,,2,,,,,,,,,,,,,,,,
Q86TM6,SYVN1,0,0,0,0,0,0,1,1,0,,2,,,,,,,,,,,,,,,,
O95197,RTN3,1,1,0,0,1,1,1,1,0,,2,,,,,,,,,,,,,,,,
Q8IZ83,ALDH16A1,0,0,0,0,1,1,0,0,0,2.0,1,,,,,,,,,,"[-3, -2, -1]",,,,,,
P48960,CD97,0,0,0,1,0,0,0,1,0,,2,,,,,,,,,,,,,-826.0,,VFLAFCVWLTL,δδδδδδδδδδδ
Q9H490,PIGU,0,0,0,0,0,0,1,1,0,,2,,,,,,,,,,,,,,,,
Q9Y679,AUP1,0,0,0,0,0,0,1,1,0,,2,,,,,,,,,,,,,-86.0,,LAKTGCVDLTI,θββρβδσββσβ
Q68DH5,LMBRD2,0,0,0,0,0,0,1,1,0,,2,,,,,,,,,,,,,-317.0,,EWYWECLLRPW,βσθβρνπβσσβ
Q9BV40,VAMP8,1,0,0,0,1,1,0,1,0,,2,,,,,,,,,,,-20.0,,-20.0,,MIVLICVIVFI,βββββββββββ
Q96EU7,C1GALT1C1,0,0,0,0,0,1,0,0,0,,2,,,,,,,,,,,,,-300.0,,LGSIFCALITM,βββββββββββ
P13473,LAMP2,1,1,0,0,0,0,0,0,0,,2,,,,,,,,,,,,,,,,
Q12905,ILF2,0,0,0,0,1,1,0,0,0,,2,,,,,,,,,,,,,,,,
P11234,RALB,0,1,1,1,1,1,1,1,2,,0,,-4.0,,,,,,,,,,,,,,
Q92930,RAB8B,0,1,1,1,1,1,1,1,2,,0,,-4.0,,,,,,,,,,,,,,
Q6ZNJ1,NBEAL2,0,0,0,0,1,1,1,1,0,,2,,,,,,,,,,,,,,,,
Q03518,TAP1,1,1,0,0,0,0,0,0,0,,2,,,,,,,,,,,,,-737.0,,PAPRGCRCLPG,
Q96QD8,SLC38A2,0,0,1,0,0,1,0,0,0,,2,,,,,,,,,,,,,-104.0,,VTHLLCASKDF,βθθβππβδδδδ
Q9Y277,VDAC3,0,0,0,0,0,1,0,0,0,,2,,,,,,,,,,,,,-55.0,,KYMLDCRTSLS,κγδπδπφωιωι
P53985,SLC16A1,0,1,0,1,1,1,1,1,0,2.0,0,,,,,,-1.0,,,,,,,,,,
Q96SK2,TMEM209,0,0,0,0,0,0,1,1,0,,2,,,,,,,,,,,,,,,,
Q8NBI5,SLC43A3,0,0,0,0,1,1,0,0,0,,2,,,,,,,,,,,,,-266.0,,YSYGLCPGNGT,δδγγπππδδδδ
P04114,APOB,0,0,0,0,0,1,0,0,0,,2,,,,,,,,,,,,,,,,
Q96RQ1,ERGIC2,0,0,0,0,0,0,0,1,0,,2,,,,,,,,,,,,,-59.0,,FFVRLCGIVGG,σβββσβθσσββ
Q9UGP8,SEC63,0,0,0,0,1,1,1,1,0,,2,,,,,,,,,,,,,-271.0,,KEQSICAAEEQ,βσβββββββπδ
P78347,GTF2I,0,1,0,0,0,0,0,0,0,,2,,,,,,,,,,,,,,,,
Q9BZK7,TBL1XR1,0,0,0,0,1,1,0,1,0,,2,,,,,,,,,,,,,,-301.0,LVLRHCIREGG,αιχφδφδδδπν
P61106,RAB14,0,0,1,1,0,0,0,0,1,,0,,,"[-3, -1]",,,,,,,,,,,,,
Q32MZ4,LRRFIP1,1,1,0,0,1,1,0,0,1,,0,,-4.0,,,,,,,,,,,,,,
Q8N3D4,EHBP1L1,1,1,0,0,0,0,0,0,0,,0,-4.0,,,,,,,,,,,,,,,
Q96BY9,SARAF,0,1,0,1,0,0,0,0,0,,2,,,,,,,,,,,,,,,,
Q8IYT2,CMTR2,0,0,0,0,1,1,0,0,0,,2,,,,,,,,,,,,,-767.0,,MSKCRKTPV,
Q9NZ01,TECR,1,0,1,1,0,0,0,0,0,,2,,,,,,,,,,,,,-291.0,,TREKLCFLDKV,πρητλδιδγγη
Q6RW13,AGTRAP,0,0,0,0,0,0,1,1,0,,2,,,,,,,,,,,,,,,,
Q7Z406,MYH14,0,0,0,0,0,0,1,1,0,,2,,,,,,,,,,,,,,,,
Q86YS6,RAB43,0,0,0,0,1,1,1,1,2,,0,,,"[-3, -1]",,,,,,,,,,,,,
P61019,RAB2A,0,0,1,1,0,0,0,0,1,,0,,,,,"[-2, -1]",,,,,,,,,,,
P35914,HMGCL,1,1,0,0,1,1,0,0,0,,1,,,,,,,,-3.0,,,,,,,,
Q15669,RHOH,1,1,0,0,1,1,0,0,2,,0,,-4.0,,,,,,,,,,,,,,
P20645,M6PR,0,0,0,0,1,1,1,1,0,,2,,,,,,,,,,,,,-271.0,,FPFYSCWRTGL,δπβππββββββ
O14980,XPO1,0,0,0,0,1,0,1,0,0,,1,,,,,,,,,-2.0,,,,,,,
P52294,KPNA1,0,0,0,0,1,1,1,1,0,,2,,,,,,,,,,,,,-10.0,,YIFQQCEAPME,γηδδπππδπππ
Q8NC44,FAM134A,0,0,1,1,0,0,0,0,0,,2,,,,,,,,,,,,,,,,
Q9BWH6,RPAP1,0,0,0,0,1,1,1,1,0,,2,,,,,,,,,,,,,,,,
Q99640,PKMYT1,0,0,0,0,1,1,0,0,0,,2,,,,,,,,,,,,,,,,
Q6PI78,TMEM65,0,0,0,0,0,0,1,1,0,,2,,,,,,,,,,,,,,,,
Q9UI26,IPO11,0,0,0,0,1,1,0,0,0,,2,,,,,,,,,,,,,-82.0,,GTYKDCMLMSH,ρατδρνλαδδπ
O95297,MPZL1,0,0,0,0,0,0,1,1,0,,2,,,,,,,,,,,,-67.0,-67.0,,RDYTGCSTSES,ββββππδδδπδ
P63027,VAMP2,0,0,0,0,0,0,1,1,0,,2,,,,,,,,,,,-14.0,,-14.0,,ILGVICAIILI,βββββββββββ
Q8N2U0,TMEM256,1,1,0,0,1,1,1,1,0,,2,,,,,,,,,,,,,,,,
P51159,RAB27A,0,0,1,1,1,0,1,0,2,,0,,,"[-3, -1]",,,,,,,,,,,,,
Q12768,KIAA0196,0,0,0,0,0,0,1,1,0,,2,,,,,,,,,,,,,,,,
Q14558,PRPSAP1,0,0,0,0,0,0,1,1,0,,2,,,,,,,,,,,,,-153.0,,HGEAQCTELDM,αφδπδδπβρπγ
Q96SI9,STRBP,0,0,0,0,1,1,1,1,0,,2,,,,,,,,,,,,,-210.0,,DADIECMSSDE,πδπδδδδδδδδ
O43615,TIMM44,0,0,0,0,1,1,0,0,0,,2,,,,,,,,,,,,,,,,
O95236,APOL3,0,1,0,0,0,0,0,0,0,,0,,-4.0,,,,,,,,,,,,,,
Q5VW36,FOCAD,0,0,0,0,1,1,1,1,0,,2,,,,,,,,,,,,,,,,
Q9UJ83,HACL1,0,0,0,0,1,1,0,0,0,,2,,,,,,,,,,,,,,-68.0,VVPPMCLLPNS,ρπδπγγηδηπδ
O94901,SUN1,0,0,0,0,0,0,1,1,0,,2,,,,,,,,,,,,,-723.0,,LATTACTLGDG,
O95602,POLR1A,0,0,0,0,0,0,0,1,0,,2,,,,,,,,,,,,,,,,
P54578,USP14,0,0,0,0,1,1,1,1,0,,2,,,,,,,,,,,,,,-238.0,ETTMKCTESEE,ωκωκδφππδππ
Q13409,DYNC1I2,0,0,0,0,1,1,1,1,0,,2,,,,,,,,,,,,,,,,
Q9H7Z3,NRDE2,0,0,0,0,1,1,0,0,0,,2,,,,,,,,,,,,,,,,
Q99732,LITAF,1,1,1,1,0,0,1,1,0,,2,,,,,,,,,,,,,,,,
P62491,RAB11A,0,0,1,1,0,0,1,1,1,,0,,-4.0,,,,,,,,,,,,,,
Q9BQE5,APOL2,1,1,0,0,0,0,0,0,0,,2,,,,,,,,,,,-172.0,,-172.0,,VAGITCSVVEL,δδπρχπσλβββ
Q7Z403,TMC6,0,0,0,0,1,1,0,0,0,4.0,1,,,,,,,,-3.0,,,,,,,,
Q9NRY6,PLSCR3,1,1,0,0,0,0,0,0,0,,2,,,,,,,,,,,,,,,,
O15498,YKT6,1,1,0,1,1,1,0,0,2,,0,-4.0,,,,,,,,,,,,,,,
Q8N806,UBR7,1,1,0,0,1,1,0,0,0,,1,,,,,,,,,-2.0,,,,,,,
P98196,ATP11A,0,0,0,0,0,0,1,1,0,,2,,,,,,,,,,,,,,,,
P34910,EVI2B,0,1,0,0,0,0,0,0,0,,2,,,,,,,,,,,,,,,,
P41217,CD200,0,0,0,0,0,0,1,1,0,,2,,,,,,,,,,,,-251.0,-251.0,,AAVVLCTAQVQ,ββββββππδφδ
Q96AA3,RFT1,0,0,0,0,1,1,1,1,0,,2,,,,,,,,,,,,,,,,
P21283,ATP6V1C1,0,0,0,0,0,0,1,1,0,,2,,,,,,,,,,,,,,,,
Q07065,CKAP4,1,1,0,0,0,0,0,0,0,,2,,,,,,,,,,,,,,,,
P48509,CD151,0,0,0,0,1,1,0,1,0,,2,,,,,,,,,,,,,,-243.0,EKKTTCGTVCL,πβπθδπβλββλ
P42126,ECI1,0,0,0,0,1,1,0,0,0,,2,,,,,,,,,,,,,,,,
Q15041,ARL6IP1,1,0,1,1,1,1,1,1,0,,2,,,,,,,,,,,,,-95.0,,RFHEICSNLVK,βσσββσσββσβ
Q6PHR2,ULK3,1,1,0,0,1,1,0,0,1,,0,,-4.0,,,,,,,,,,,,,,
Q9Y5V3,MAGED1,1,0,0,0,0,0,0,0,0,,2,,,,,,,,,,,,,,,,
Q96KC8,DNAJC1,0,1,0,1,0,0,0,0,0,,2,,,,,,,,,,,,,,,,
Q9UJS0,SLC25A13,0,0,0,0,1,0,0,0,0,,2,,,,,,,,,,,,,,,,
P84095,RHOG,0,0,1,1,0,1,0,0,2,,0,-4.0,,,,,,,,,,,,,,,
P51151,RAB9A,0,0,1,1,0,0,0,0,1,,0,,,,,"[-2, -1]",,,,,,,,,,,
Q9Y2G3,ATP11B,1,1,1,1,0,0,0,0,0,,0,,,,,,-1.0,,,,,,,,,,
Q96S21,RAB40C,0,0,0,0,0,1,0,0,2,,0,,-4.0,,,,,,,,,,,,,,
Q8TC12,RDH11,0,1,0,0,1,0,0,0,0,,2,,,,,,,,,,,,,,-186.0,AGVMMCPYSKT,δφααλδδφδηρ
Q53HC9,TSSC1,0,0,0,0,1,1,0,0,0,,2,,,,,,,,,,,,,,,,
Q9BQE4,VIMP,0,1,0,0,0,0,0,0,0,,2,,,,,,,,,,,,,,,,
P51149,RAB7A,0,0,1,1,0,0,0,0,1,,0,,,"[-3, -1]",,,,,,,,,,,,,
Q8WXH0,SYNE2,0,0,0,0,1,1,1,1,0,8.0,1,,,,,,,-5.0,,,,,,,,,
A1L0T0,ILVBL,0,0,0,0,0,0,1,1,0,,2,,,,,,,,,,,,,-611.0,,FLLLACGTLVA,βββββββββββ
P17900,GM2A,0,1,0,0,0,0,0,0,0,,2,,,,,,,,,,,,,,-69.0,PTGEPCPEPLR,πππδχδδππθν
P36542,ATP5C1,0,0,0,0,0,1,0,0,0,,2,,,,,,,,,,,-196.0,,-196.0,,SDRGLCGAIHS,αχδδλλπθφλβ
Q99541,PLIN2,0,0,0,0,1,1,0,0,0,,2,,,,,,,,,,,,,,,,
Q96HV5,TMEM41A,0,0,0,0,1,1,1,1,0,,2,,,,,,,,,,,,,,,,
Q6PJF5,RHBDF2,0,0,1,1,0,0,0,0,0,,2,,,,,,,,,,,,,,,,
