ID,name,fullName,substrate,location,moiety,AminoAcid,position,evidenceCode,publication,ProteinEntryReviewed,Exp_moiety,motif
A0A1W2PQL4,ZN722,Zinc finger protein 722,krueppel C2H2-type zinc-finger protein,Nucleus,,,0,,,True,S-farnesyl cysteine,internal
A1L0T0,HACL2,2-hydroxyacyl-CoA lyase 2,TPP enzyme,Membrane,,,0,,,True,S-geranylgeranyl cysteine,internal
A5PLL7,PDES1,Plasmanylethanolamine desaturase 1,fatty acid desaturase CarF,Membrane,,,0,,,True,S-farnesyl cysteine,internal
A6NN14,ZN729,Zinc finger protein 729,krueppel C2H2-type zinc-finger protein,Nucleus,,,0,,,True,S-geranylgeranyl cysteine,CXXXX
A6NNY8,UBP27,Ubiquitin carboxyl-terminal hydrolase 27,peptidase C19,"['Nucleus', 'Cytosol']",,,0,,,True,S-farnesyl cysteine,internal
O00161,SNP23,Synaptosomal-associated protein 23,SNAP-25,Membrane,S-palmitoyl cysteine,C,-1,ECO_0000269,doi:10.1194/jlr.d011106,True,S-farnesyl cysteine,internal
O00423,EMAL1,Echinoderm microtubule-associated protein-like 1,WD repeat EMAP,"['Perinuclear region', 'Cytoskeleton', 'Cytoplasm']",,,0,,,True,S-geranylgeranyl cysteine,internal
O00483,NDUA4,Cytochrome c oxidase subunit NDUFA4,complex IV NDUFA4 subunit,Membrane,,,0,,,True,"[S-farnesyl cysteine, S-geranylgeranyl cysteine]",internal
O14521,DHSD,"Succinate dehydrogenase [ubiquinone] cytochrome b small subunit, mitochondrial",CybS,Membrane,,,0,,,True,"[S-farnesyl cysteine, S-geranylgeranyl cysteine]",internal
O14569,C56D2,Transmembrane reductase CYB561D2,C56D2,Membrane,,,0,,,True,S-geranylgeranyl cysteine,internal
O14653,GOSR2,Golgi SNAP receptor complex member 2,GOSR2,Membrane,,,0,,,True,S-geranylgeranyl cysteine,internal
O14672,ADA10,Disintegrin and metalloproteinase domain-containing protein 10,ADA10,Membrane,,,0,,,True,"[S-farnesyl cysteine, S-geranylgeranyl cysteine]",internal
O14734,ACOT8,Acyl-coenzyme A thioesterase 8,C/M/P thioester hydrolase,Peroxisome matrix,,,0,,,True,S-farnesyl cysteine,internal
O14735,CDIPT,CDP-diacylglycerol--inositol 3-phosphatidyltransferase,CDP-alcohol phosphatidyltransferase class-I,Membrane,,,0,,,True,"[S-farnesyl cysteine, S-geranylgeranyl cysteine]",internal
O14828,SCAM3,Secretory carrier-associated membrane protein 3,SCAMP,Membrane,,,0,,,True,"[S-farnesyl cysteine, S-geranylgeranyl cysteine]",internal
O14880,MGST3,"Glutathione S-transferase 3, mitochondrial",MAPEG,Membrane,S-palmitoyl cysteine,C,"[-3, -2]",ECO_0000269,doi:10.1194/jlr.d011106,True,"[S-farnesyl cysteine, S-geranylgeranyl cysteine]",CCX
O14980,XPO1,Exportin-1,exportin,"['Cajal body', 'Nucleolus', 'Nucleoplasm', 'Cytoplasm']",,,0,,,True,"[S-farnesyl cysteine, S-geranylgeranyl cysteine]",CX
O14981,BTAF1,TATA-binding protein-associated factor 172,SNF2/RAD54 helicase,Nucleus,,,0,,,True,"[S-farnesyl cysteine, S-geranylgeranyl cysteine]",internal
O15118,NPC1,NPC intracellular cholesterol transporter 1,patched,Membrane,,,0,,,True,S-geranylgeranyl cysteine,internal
O15126,SCAM1,Secretory carrier-associated membrane protein 1,SCAMP,Membrane,,,0,,,True,"[S-farnesyl cysteine, S-geranylgeranyl cysteine]",internal
O15127,SCAM2,Secretory carrier-associated membrane protein 2,SCAMP,Membrane,,,0,,,True,"[S-farnesyl cysteine, S-geranylgeranyl cysteine]",internal
O15162,PLS1,Phospholipid scramblase 1,phospholipid scramblase,Membrane,S-palmitoyl cysteine,C,-1,ECO_0000305,doi:10.1021/bi026679w,True,S-farnesyl cysteine,internal
O15228,GNPAT,Dihydroxyacetone phosphate acyltransferase,GPAT/DAPAT,Membrane,,,0,,,True,S-geranylgeranyl cysteine,internal
O15254,ACOX3,Peroxisomal acyl-coenzyme A oxidase 3,acyl-CoA oxidase,Peroxisome,,,0,,,True,S-geranylgeranyl cysteine,internal
O15321,TM9S1,Transmembrane 9 superfamily member 1,nonaspanin (TM9SF) (TC 9.A.2),Membrane,,,0,,,True,S-geranylgeranyl cysteine,internal
O15391,TYY2,Transcription factor YY2,YY transcription factor,Nucleus,,,0,,,True,S-farnesyl cysteine,internal
O15397,IPO8,Importin-8,importin beta,"['Nucleus', 'Cytoplasm']",,,0,,,True,S-geranylgeranyl cysteine,internal
O15400,STX7,Syntaxin-7,syntaxin,Membrane,,,0,,,True,"[S-farnesyl cysteine, S-geranylgeranyl cysteine]",CXXX
O15427,MOT4,Monocarboxylate transporter 4,Monocarboxylate porter (TC 2.A.1.13),Membrane,,,0,,,True,S-farnesyl cysteine,internal
O15554,KCNN4,Intermediate conductance calcium-activated potassium channel protein 4,potassium channel KCNN,Membrane,,,0,,,True,S-farnesyl cysteine,internal
O43169,CYB5B,Cytochrome b5 type B,cytochrome b5,Membrane,,,0,,,True,"[S-farnesyl cysteine, S-geranylgeranyl cysteine]",internal
O43586,PPIP1,Proline-serine-threonine phosphatase-interacting protein 1,PPIP1,Membrane,,,0,,,True,S-farnesyl cysteine,internal
O43615,TIM44,Mitochondrial import inner membrane translocase subunit TIM44,Tim44,Membrane,,,0,,,True,S-farnesyl cysteine,internal
O43760,SNG2,Synaptogyrin-2,synaptogyrin,Membrane,,,0,,,True,"[S-farnesyl cysteine, S-geranylgeranyl cysteine]",internal
O43765,SGTA,Small glutamine-rich tetratricopeptide repeat-containing protein alpha,SGT,"['Nucleus', 'Cytoplasm']",,,0,,,True,S-farnesyl cysteine,internal
O43772,MCAT,Mitochondrial carnitine/acylcarnitine carrier protein,mitochondrial carrier (TC 2.A.29),Membrane,,,0,,,True,"[S-farnesyl cysteine, S-geranylgeranyl cysteine]",internal
O43900,PRIC3,Prickle planar cell polarity protein 3,prickle / espinas / testin,Membrane,,,0,,,True,S-farnesyl cysteine,CAAX
O60282,KIF5C,Kinesin heavy chain isoform 5C,Kinesin,"['Dendrite', 'Cytoskeleton']",,,0,,,True,S-farnesyl cysteine,internal
O60669,MOT2,Monocarboxylate transporter 2,Monocarboxylate porter (TC 2.A.1.13),Membrane,,,0,,,True,S-geranylgeranyl cysteine,internal
O60725,ICMT,Protein-S-isoprenylcysteine O-methyltransferase,Isoprenylcysteine carboxyl methyltransferase,Membrane,,,0,,,True,S-geranylgeranyl cysteine,internal
O60831,PRAF2,PRA1 family protein 2,PRA1,Membrane,,,0,,,True,"[S-farnesyl cysteine, S-geranylgeranyl cysteine]",internal
O60906,NSMA,Sphingomyelin phosphodiesterase 2,neutral sphingomyelinase,Membrane,,,0,,,True,S-farnesyl cysteine,internal
O75027,ABCB7,"Iron-sulfur clusters transporter ABCB7, mitochondrial",ABCB,Membrane,,,0,,,True,S-farnesyl cysteine,CXC
O75438,NDUB1,NADH dehydrogenase [ubiquinone] 1 beta subcomplex subunit 1,complex I NDUFB1 subunit,Membrane,,,0,,,True,S-farnesyl cysteine,internal
O75521,ECI2,Enoyl-CoA delta isomerase 2,In the C-terminal section belongs to the enoyl-CoA hydratase/isomerase,"['Mitochondrion', 'Peroxisome matrix']",,,0,,,True,S-farnesyl cysteine,internal
O75558,STX11,Syntaxin-11,syntaxin,Membrane,,,0,,,True,"[S-farnesyl cysteine, S-geranylgeranyl cysteine]",CXX
O75832,PSD10,26S proteasome non-ATPase regulatory subunit 10,PSD10,"['Nucleus', 'Cytoplasm']",,,0,,,True,S-farnesyl cysteine,internal
O75955,FLOT1,Flotillin-1,band 7/mec-2,Membrane,,,0,,,True,"[S-farnesyl cysteine, S-geranylgeranyl cysteine]",internal
O94851,MICA2,[F-actin]-monooxygenase MICAL2,Mical,"['Nucleus', 'Cytoplasm']",,,0,,,True,"[S-farnesyl cysteine, S-geranylgeranyl cysteine]",internal
O94901,SUN1,SUN domain-containing protein 1,SUN1,Membrane,,,0,,,True,S-geranylgeranyl cysteine,internal
O94915,FRYL,Protein furry homolog-like,furry protein,,,,0,,,True,S-farnesyl cysteine,internal
O94919,ENDD1,Endonuclease domain-containing 1 protein,DNA/RNA non-specific endonuclease,Secreted,,,0,,,True,"[S-farnesyl cysteine, S-geranylgeranyl cysteine]",internal
O94927,HAUS5,HAUS augmin-like complex subunit 5,HAUS5,"['Centrosome', 'Spindle']",,,0,,,True,S-farnesyl cysteine,CX
O95169,NDUB8,"NADH dehydrogenase [ubiquinone] 1 beta subcomplex subunit 8, mitochondrial",complex I NDUFB8 subunit,Membrane,,,0,,,True,S-farnesyl cysteine,internal
O95197,RTN3,Reticulon-3,RTN3,Membrane,,,0,,,True,"[S-farnesyl cysteine, S-geranylgeranyl cysteine]",internal
O95214,LERL1,Leptin receptor overlapping transcript-like 1,OB-RGRP/VPS55,Membrane,,,0,,,True,S-geranylgeranyl cysteine,internal
O95236,APOL3,Apolipoprotein L3,apolipoprotein L,Cytoplasm,,,0,,,True,S-farnesyl cysteine,CXXX
O95297,MPZL1,Myelin protein zero-like protein 1,myelin P0 protein,Membrane,,,0,,,True,S-geranylgeranyl cysteine,internal
O95406,CNIH1,Protein cornichon homolog 1,cornichon,Membrane,,,0,,,True,"[S-farnesyl cysteine, S-geranylgeranyl cysteine]",internal
O95479,G6PE,GDH/6PGL endoplasmic bifunctional protein,"['In the N-terminal section belongs to the glucose-6-phosphate dehydrogenase', 'In the C-terminal section belongs to the glucosamine/galactosamine-6-phosphate isomerase']",Endoplasmic reticulum lumen,,,0,,,True,S-farnesyl cysteine,internal
O95562,SFT2B,Vesicle transport protein SFT2B,SFT2,Membrane,,,0,,,True,"[S-farnesyl cysteine, S-geranylgeranyl cysteine]",CXX
O95573,ACSL3,Fatty acid CoA ligase Acsl3,ATP-dependent AMP-binding enzyme,Membrane,,,0,,,True,S-farnesyl cysteine,internal
O95602,RPA1,DNA-directed RNA polymerase I subunit RPA1,RNA polymerase beta' chain,"['Nucleolus', 'Chromosome']",,,0,,,True,S-geranylgeranyl cysteine,internal
O95772,STR3N,STARD3 N-terminal-like protein,STARD3,Membrane,,,0,,,True,S-geranylgeranyl cysteine,internal
O95807,TM50A,Transmembrane protein 50A,UPF0220,Membrane,,,0,,,True,S-geranylgeranyl cysteine,internal
O95870,ABHGA,Phosphatidylserine lipase ABHD16A,ABHD16,Membrane,,,0,,,True,"[S-farnesyl cysteine, S-geranylgeranyl cysteine]",internal
O95977,S1PR4,Sphingosine 1-phosphate receptor 4,G-protein coupled receptor 1,Membrane,S-palmitoyl cysteine,C,-6,ECO_0000250,,True,S-geranylgeranyl cysteine,internal
O95985,TOP3B,DNA topoisomerase 3-beta-1,type IA topoisomerase,,,,0,,,True,"[S-farnesyl cysteine, S-geranylgeranyl cysteine]",CX
O96000,NDUBA,NADH dehydrogenase [ubiquinone] 1 beta subcomplex subunit 10,complex I NDUFB10 subunit,Membrane,,,0,,,True,S-farnesyl cysteine,internal
O96008,TOM40,Mitochondrial import receptor subunit TOM40 homolog,Tom40,Membrane,,,0,,,True,S-farnesyl cysteine,internal
O96011,PX11B,Peroxisomal membrane protein 11B,peroxin-11,Membrane,,,0,,,True,"[S-farnesyl cysteine, S-geranylgeranyl cysteine]",internal
P00156,CYB,Cytochrome b,cytochrome b,Membrane,,,0,,,True,"[S-farnesyl cysteine, S-geranylgeranyl cysteine]",internal
P00387,NB5R3,NADH-cytochrome b5 reductase 3,flavoprotein pyridine nucleotide cytochrome reductase,Membrane,N-myristoyl glycine,G,-3,ECO_0000269,"['doi:10.1038/ncomms5919', 'doi:10.1093/oxfordjournals.jbchem.a122659']",True,S-geranylgeranyl cysteine,CXXX
P00395,COX1,Cytochrome c oxidase subunit 1,heme-copper respiratory oxidase,Membrane,,,0,,,True,S-farnesyl cysteine,internal
P00414,COX3,Cytochrome c oxidase subunit 3,cytochrome c oxidase subunit 3,Membrane,,,0,,,True,"[S-farnesyl cysteine, S-geranylgeranyl cysteine]",internal
P01024,CO3,Complement C3,CO3,Secreted,,,0,,,True,S-farnesyl cysteine,CXX
P02786,TFR1,Transferrin receptor protein 1,peptidase M28,Membrane,S-palmitoyl cysteine,C,-6,"['ECO_0000305', 'ECO_0000269']",doi:10.1002/j.1460-2075.1987.tb04758.x,True,S-geranylgeranyl cysteine,internal
P03905,NU4M,NADH-ubiquinone oxidoreductase chain 4,complex I subunit 4,Membrane,,,0,,,True,S-farnesyl cysteine,internal
P03915,NU5M,NADH-ubiquinone oxidoreductase chain 5,complex I subunit 5,Membrane,,,0,,,True,S-farnesyl cysteine,internal
P04049,RAF1,RAF proto-oncogene serine/threonine-protein kinase,TKL Ser/Thr protein kinase,Membrane,,,0,,,True,S-farnesyl cysteine,internal
P04114,APOB,Apolipoprotein B-100,APOB,"['Lipid droplet', 'Secreted', 'Cytoplasm']",S-palmitoyl cysteine,C,-3,ECO_0000269,doi:10.1091/mbc.11.2.721,True,S-farnesyl cysteine,internal
P04233,HG2A,HLA class II histocompatibility antigen gamma chain,HG2A,Membrane,,,0,,,True,S-farnesyl cysteine,internal
P04234,CD3D,T-cell surface glycoprotein CD3 delta chain,CD3D,Membrane,,,0,,,True,"[S-farnesyl cysteine, S-geranylgeranyl cysteine]",internal
P05107,ITB2,Integrin beta-2,integrin beta chain,Membrane,,,0,,,True,"[S-farnesyl cysteine, S-geranylgeranyl cysteine]",internal
P05556,ITB1,Integrin beta-1,integrin beta chain,Membrane,,,0,,,True,"[S-farnesyl cysteine, S-geranylgeranyl cysteine]",internal
P06127,CD5,T-cell surface glycoprotein CD5,CD5,Membrane,,,0,,,True,S-geranylgeranyl cysteine,internal
P06239,LCK,Tyrosine-protein kinase Lck,Tyr protein kinase,Membrane,"['N-myristoyl glycine', 'S-palmitoyl cysteine']","['C', 'G']",-5,ECO_0000250,,True,"[S-farnesyl cysteine, S-geranylgeranyl cysteine]",internal
P07686,HEXB,Beta-hexosaminidase subunit beta,glycosyl hydrolase 20,"['Cortical granule', 'Lysosome']",,,0,,,True,"[S-farnesyl cysteine, S-geranylgeranyl cysteine]",internal
P08195,4F2,4F2 cell-surface antigen heavy chain,SLC3A transporter,Membrane,,,0,,,True,S-farnesyl cysteine,internal
P08237,PFKAM,"ATP-dependent 6-phosphofructokinase, muscle type",phosphofructokinase type A (PFKA),Cytoplasm,,,0,,,True,"[S-farnesyl cysteine, S-geranylgeranyl cysteine]",internal
P08842,STS,Steryl-sulfatase,sulfatase,Membrane,,,0,,,True,S-farnesyl cysteine,internal
P08962,CD63,CD63 antigen,tetraspanin (TM4SF),Membrane,,,0,,,True,"[S-farnesyl cysteine, S-geranylgeranyl cysteine]",internal
P09110,THIK,"3-ketoacyl-CoA thiolase, peroxisomal",Thiolase,Peroxisome,,,0,,,True,S-farnesyl cysteine,internal
P09564,CD7,T-cell antigen CD7,CD7,Membrane,S-palmitoyl cysteine,C,-4,ECO_0000305,doi:10.1002/j.1460-2075.1987.tb02651.x,True,"[S-farnesyl cysteine, S-geranylgeranyl cysteine]",internal
P0CG31,Z286B,Putative zinc finger protein 286B,krueppel C2H2-type zinc-finger protein,Nucleus,,,0,,,True,S-geranylgeranyl cysteine,internal
P0DJ93,SIM13,Small integral membrane protein 13,SMIM13,Membrane,,,0,,,True,"[S-farnesyl cysteine, S-geranylgeranyl cysteine]",internal
P10321,HLAC,"HLA class I histocompatibility antigen, C alpha chain",HLAC,Membrane,,,0,,,True,S-farnesyl cysteine,CXX
P10415,BCL2,Apoptosis regulator Bcl-2,Bcl-2,Membrane,,,0,,,True,"[S-farnesyl cysteine, S-geranylgeranyl cysteine]",internal
P10515,ODP2,"Dihydrolipoyllysine-residue acetyltransferase component of pyruvate dehydrogenase complex, mitochondrial",2-oxoacid dehydrogenase,Mitochondrion matrix,,,0,,,True,S-farnesyl cysteine,internal
P11049,CD37,Leukocyte antigen CD37,tetraspanin (TM4SF),Membrane,,,0,,,True,"[S-farnesyl cysteine, S-geranylgeranyl cysteine]",internal
P11117,PPAL,Lysosomal acid phosphatase,histidine acid phosphatase,Membrane,,,0,,,True,S-geranylgeranyl cysteine,internal
P11166,GTR1,"Solute carrier family 2, facilitated glucose transporter member 1",Sugar transporter (TC 2.A.1.1),Membrane,,,0,,,True,"[S-farnesyl cysteine, S-geranylgeranyl cysteine]",internal
P11169,GTR3,"Solute carrier family 2, facilitated glucose transporter member 3",Sugar transporter (TC 2.A.1.1),Membrane,,,0,,,True,"[S-farnesyl cysteine, S-geranylgeranyl cysteine]",internal
P11182,ODB2,"Lipoamide acyltransferase component of branched-chain alpha-keto acid dehydrogenase complex, mitochondrial",2-oxoacid dehydrogenase,Mitochondrion matrix,,,0,,,True,S-farnesyl cysteine,internal
P11279,LAMP1,Lysosome-associated membrane glycoprotein 1,LAMP,Membrane,,,0,,,True,S-farnesyl cysteine,internal
P12081,HARS1,"Histidine--tRNA ligase, cytoplasmic",class-II aminoacyl-tRNA synthetase,Cytoplasm,,,0,,,True,S-farnesyl cysteine,CXC
P13164,IFM1,Interferon-induced transmembrane protein 1,CD225/Dispanin,Membrane,S-palmitoyl cysteine,C,"[-7, -4]",ECO_0000305,doi:10.1074/jbc.m115.657346,True,"[S-farnesyl cysteine, S-geranylgeranyl cysteine]",internal
P13473,LAMP2,Lysosome-associated membrane glycoprotein 2,LAMP,Membrane,,,0,,,True,S-farnesyl cysteine,internal
P13535,MYH8,Myosin-8,Myosin,Myofibril,,,0,,,True,"[S-farnesyl cysteine, S-geranylgeranyl cysteine]",internal
P13598,ICAM2,Intercellular adhesion molecule 2,ICAM,Membrane,,,0,,,True,S-geranylgeranyl cysteine,internal
P13612,ITA4,Integrin alpha-4,integrin alpha chain,Membrane,,,0,,,True,S-farnesyl cysteine,internal
P13682,ZNF35,Zinc finger protein 35,krueppel C2H2-type zinc-finger protein,Nucleus,,,0,,,True,S-farnesyl cysteine,internal
P15151,PVR,Poliovirus receptor,nectin,Membrane,,,0,,,True,"[S-farnesyl cysteine, S-geranylgeranyl cysteine]",CXX
P15907,SIAT1,"Beta-galactoside alpha-2,6-sialyltransferase 1",glycosyltransferase 29,Membrane,,,0,,,True,"[S-farnesyl cysteine, S-geranylgeranyl cysteine]",C
P16070,CD44,CD44 antigen,CD44,Membrane,,,0,,,True,"[S-farnesyl cysteine, S-geranylgeranyl cysteine]",internal
P16298,PP2BB,Serine/threonine-protein phosphatase 2B catalytic subunit beta isoform,PPP phosphatase,Cytoplasm,,,0,,,True,S-farnesyl cysteine,CXXX
P16615,AT2A2,Sarcoplasmic/endoplasmic reticulum calcium ATPase 2,cation transport ATPase (P-type) (TC 3.A.3),Membrane,,,0,,,True,S-farnesyl cysteine,internal
P16930,FAAA,Fumarylacetoacetase,FAH,,,,0,,,True,S-farnesyl cysteine,internal
P17612,KAPCA,cAMP-dependent protein kinase catalytic subunit alpha,AGC Ser/Thr protein kinase,Membrane,N-myristoyl glycine,G,-3,ECO_0000269,"['doi:10.1038/ncomms5919', 'doi:10.1002/anie.201500342']",True,S-geranylgeranyl cysteine,internal
P17900,SAP3,Ganglioside GM2 activator,SAP3,Lysosome,,,0,,,True,S-farnesyl cysteine,internal
P19397,CD53,Leukocyte surface antigen CD53,tetraspanin (TM4SF),Membrane,,,0,,,True,"[S-farnesyl cysteine, S-geranylgeranyl cysteine]",internal
P19440,GGT1,Glutathione hydrolase 1 proenzyme,gamma-glutamyltransferase,Membrane,,,0,,,True,S-geranylgeranyl cysteine,internal
P20645,MPRD,Cation-dependent mannose-6-phosphate receptor,MPRD,Membrane,,,0,,,True,"[S-farnesyl cysteine, S-geranylgeranyl cysteine]",internal
P20701,ITAL,Integrin alpha-L,integrin alpha chain,Membrane,,,0,,,True,S-farnesyl cysteine,internal
P20807,CAN3,Calpain-3,peptidase C2,"['Nucleolus', 'Cytoplasm']",,,0,,,True,S-geranylgeranyl cysteine,internal
P21283,VATC1,V-type proton ATPase subunit C 1,V-ATPase C subunit,Membrane,,,0,,,True,S-geranylgeranyl cysteine,internal
P21796,VDAC1,Voltage-dependent anion-selective channel protein 1,eukaryotic mitochondrial porin,Membrane,,,0,,,True,S-farnesyl cysteine,internal
P21964,COMT,Catechol O-methyltransferase,Cation-dependent O-methyltransferase,Membrane,,,0,,,True,"[S-farnesyl cysteine, S-geranylgeranyl cysteine]",internal
P22234,PUR6,Bifunctional phosphoribosylaminoimidazole carboxylase/phosphoribosylaminoimidazole succinocarboxamide synthetase,"['In the C-terminal section belongs to the AIR carboxylase', 'In the N-terminal section belongs to the SAICAR synthetase']",,,,0,,,True,S-farnesyl cysteine,CXX
P22307,SCP2,Sterol carrier protein 2,Thiolase,"['Peroxisome', 'Mitochondrion', 'Endoplasmic reticulum', 'Cytoplasm']",,,0,,,True,S-farnesyl cysteine,CX
P23786,CPT2,"Carnitine O-palmitoyltransferase 2, mitochondrial",carnitine/choline acetyltransferase,Membrane,,,0,,,True,S-geranylgeranyl cysteine,internal
P23921,RIR1,Ribonucleoside-diphosphate reductase large subunit,ribonucleoside diphosphate reductase large chain,Cytoplasm,,,0,,,True,S-farnesyl cysteine,CXX
P24390,ERD21,ER lumen protein-retaining receptor 1,ERD2,Membrane,,,0,,,True,"[S-farnesyl cysteine, S-geranylgeranyl cysteine]",internal
P25098,ARBK1,Beta-adrenergic receptor kinase 1,AGC Ser/Thr protein kinase,Membrane,,,0,,,True,S-farnesyl cysteine,internal
P27487,DPP4,Dipeptidyl peptidase 4,peptidase S9B,Membrane,,,0,,,True,"[S-farnesyl cysteine, S-geranylgeranyl cysteine]",CXXXX
P27701,CD82,CD82 antigen,tetraspanin (TM4SF),Membrane,,,0,,,True,"[S-farnesyl cysteine, S-geranylgeranyl cysteine]",internal
P27824,CALX,Calnexin,calreticulin,Membrane,S-palmitoyl cysteine,C,-9,ECO_0000269,doi:10.1038/emboj.2012.15,True,S-geranylgeranyl cysteine,internal
P28907,CD38,ADP-ribosyl cyclase/cyclic ADP-ribose hydrolase 1,ADP-ribosyl cyclase,Membrane,,,0,,,True,"[S-farnesyl cysteine, S-geranylgeranyl cysteine]",CXXX
P29803,ODPAT,"Pyruvate dehydrogenase E1 component subunit alpha, testis-specific form, mitochondrial",ODPAT,Mitochondrion matrix,,,0,,,True,S-geranylgeranyl cysteine,internal
P30519,HMOX2,Heme oxygenase 2,heme oxygenase,Membrane,,,0,,,True,S-farnesyl cysteine,internal
P30536,TSPO,Translocator protein,TspO/BZRP,Membrane,,,0,,,True,S-farnesyl cysteine,internal
P30837,AL1B1,"Aldehyde dehydrogenase X, mitochondrial",aldehyde dehydrogenase,Mitochondrion matrix,,,0,,,True,S-farnesyl cysteine,internal
P32121,ARRB2,Beta-arrestin-2,arrestin,Membrane,,,0,,,True,S-farnesyl cysteine,C
P32189,GLPK,Glycerol kinase,FGGY kinase,Membrane,,,0,,,True,S-farnesyl cysteine,internal
P32248,CCR7,C-C chemokine receptor type 7,G-protein coupled receptor 1,Membrane,,,0,,,True,"[S-farnesyl cysteine, S-geranylgeranyl cysteine]",internal
P32942,ICAM3,Intercellular adhesion molecule 3,ICAM,Membrane,,,0,,,True,"[S-farnesyl cysteine, S-geranylgeranyl cysteine]",internal
P33947,ERD22,ER lumen protein-retaining receptor 2,ERD2,Membrane,,,0,,,True,"[S-farnesyl cysteine, S-geranylgeranyl cysteine]",internal
P34910,EVI2B,Protein EVI2B,EVI2B,Membrane,,,0,,,True,S-farnesyl cysteine,internal
P34913,HYES,Bifunctional epoxide hydrolase 2,Epoxide hydrolase,"['Peroxisome', 'Cytoplasm']","S-(15-deoxy-Delta12,14-prostaglandin J2-9-yl)cysteine",C,-3,ECO_0000305,doi:10.1161/circresaha.110.235879,True,"[S-farnesyl cysteine, S-geranylgeranyl cysteine]",internal
P35611,ADDA,Alpha-adducin,aldolase class II,Membrane,,,0,,,True,S-farnesyl cysteine,internal
P35914,HMGCL,"Hydroxymethylglutaryl-CoA lyase, mitochondrial",HMG-CoA lyase,"['Mitochondrion matrix', 'Peroxisome']",,,0,,,True,S-farnesyl cysteine,CXX
P36507,MP2K2,Dual specificity mitogen-activated protein kinase kinase 2,STE Ser/Thr protein kinase,Membrane,,,0,,,True,"[S-farnesyl cysteine, S-geranylgeranyl cysteine]",internal
P36542,ATPG,"ATP synthase subunit gamma, mitochondrial",ATPase gamma chain,Membrane,,,0,,,True,S-farnesyl cysteine,internal
P37268,FDFT,Squalene synthase,phytoene/squalene synthase,Membrane,,,0,,,True,S-farnesyl cysteine,internal
P40937,RFC5,Replication factor C subunit 5,activator 1 small subunits,Nucleus,,,0,,,True,S-farnesyl cysteine,internal
P41217,OX2G,OX-2 membrane glycoprotein,OX2G,Membrane,,,0,,,True,S-geranylgeranyl cysteine,internal
P41440,S19A1,Reduced folate transporter,reduced folate carrier (RFC) transporter (TC 2.A.48),Membrane,,,0,,,True,S-geranylgeranyl cysteine,CXX
P42126,ECI1,"Enoyl-CoA delta isomerase 1, mitochondrial",enoyl-CoA hydratase/isomerase,Mitochondrion matrix,,,0,,,True,S-farnesyl cysteine,internal
P42345,MTOR,Serine/threonine-protein kinase mTOR,PI3/PI4-kinase,Membrane,,,0,,,True,S-farnesyl cysteine,CXXX
P42695,CNDD3,Condensin-2 complex subunit D3,CNDD3,Nucleus,,,0,,,True,"[S-farnesyl cysteine, S-geranylgeranyl cysteine]",internal
P43007,SATT,Neutral amino acid transporter A,dicarboxylate/amino acid:cation symporter (DAACS) (TC 2.A.23),Membrane,,,0,,,True,S-farnesyl cysteine,internal
P43403,ZAP70,Tyrosine-protein kinase ZAP-70,Tyr protein kinase,Membrane,,,0,,,True,S-farnesyl cysteine,CX
P43489,TNR4,Tumor necrosis factor receptor superfamily member 4,TNR4,Membrane,,,0,,,True,S-farnesyl cysteine,internal
P45880,VDAC2,Voltage-dependent anion-selective channel protein 2,eukaryotic mitochondrial porin,Membrane,,,0,,,True,"[S-farnesyl cysteine, S-geranylgeranyl cysteine]",internal
P46379,BAG6,Large proline-rich protein BAG6,BAG6,"['Nucleus', 'Extracellular exosome', 'Cytosol']",,,0,,,True,"[S-farnesyl cysteine, S-geranylgeranyl cysteine]",internal
P47756,CAPZB,F-actin-capping protein subunit beta,F-actin-capping protein beta subunit,"['Sarcomere', 'Cytoskeleton']",,,0,,,True,S-farnesyl cysteine,C
P48509,CD151,CD151 antigen,tetraspanin (TM4SF),Membrane,S-palmitoyl cysteine,C,"[-2, -1]",ECO_0000269,doi:10.1091/mbc.01-05-0275,True,"[S-farnesyl cysteine, S-geranylgeranyl cysteine]",internal
P48960,AGRE5,Adhesion G protein-coupled receptor E5,G-protein coupled receptor 2,Membrane,,,0,,,True,S-geranylgeranyl cysteine,internal
P49189,AL9A1,4-trimethylaminobutyraldehyde dehydrogenase,aldehyde dehydrogenase,Cytosol,,,0,,,True,S-farnesyl cysteine,internal
P49682,CXCR3,C-X-C chemokine receptor type 3,G-protein coupled receptor 1,Membrane,,,0,,,True,S-geranylgeranyl cysteine,internal
P49753,ACOT2,"Acyl-coenzyme A thioesterase 2, mitochondrial",C/M/P thioester hydrolase,Mitochondrion,,,0,,,True,S-farnesyl cysteine,internal
P49768,PSN1,Presenilin-1,peptidase A22A,Membrane,,,0,,,True,S-geranylgeranyl cysteine,internal
P49795,RGS19,Regulator of G-protein signaling 19,RGS19,Membrane,,,0,,,True,S-geranylgeranyl cysteine,internal
P49902,5NTC,Cytosolic purine 5'-nucleotidase,5'(3')-deoxyribonucleotidase,Cytosol,,,0,,,True,"[S-farnesyl cysteine, S-geranylgeranyl cysteine]",internal
P50416,CPT1A,"Carnitine O-palmitoyltransferase 1, liver isoform",carnitine/choline acetyltransferase,Membrane,,,0,,,True,S-farnesyl cysteine,internal
P51116,FXR2,RNA-binding protein FXR2,FMR1,"['Cytoplasmic ribonucleoprotein granule', 'Postsynapse', 'Cytoplasm']",,,0,,,True,S-farnesyl cysteine,internal
P51659,DHB4,Peroxisomal multifunctional enzyme type 2,short-chain dehydrogenases/reductases (SDR),Peroxisome,,,0,,,True,"[S-farnesyl cysteine, S-geranylgeranyl cysteine]",internal
P51828,ADCY7,Adenylate cyclase type 7,adenylyl cyclase class-4/guanylyl cyclase,Membrane,,,0,,,True,S-geranylgeranyl cysteine,internal
P52294,IMA5,Importin subunit alpha-5,importin alpha,"['Nucleus', 'Cytoplasm']",,,0,,,True,"[S-farnesyl cysteine, S-geranylgeranyl cysteine]",internal
P53367,ARFP1,Arfaptin-1,ARFP1,Membrane,,,0,,,True,S-geranylgeranyl cysteine,internal
P53675,CLH2,Clathrin heavy chain 2,clathrin heavy chain,Membrane,,,0,,,True,S-geranylgeranyl cysteine,internal
P53794,SC5A3,Sodium/myo-inositol cotransporter,sodium:solute symporter (SSF) (TC 2.A.21),Membrane,,,0,,,True,S-geranylgeranyl cysteine,internal
P53985,MOT1,Monocarboxylate transporter 1,Monocarboxylate porter (TC 2.A.1.13),Membrane,,,0,,,True,"[S-farnesyl cysteine, S-geranylgeranyl cysteine]",C
P53990,IST1,IST1 homolog,IST1,"['Midbody', 'Centrosome', 'Cytoplasmic vesicle', 'Nucleus envelope']",,,0,,,True,S-farnesyl cysteine,internal
P54136,SYRC,"Arginine--tRNA ligase, cytoplasmic",class-I aminoacyl-tRNA synthetase,"['Cytosol', 'Cytoplasm']",,,0,,,True,S-farnesyl cysteine,internal
P54578,UBP14,Ubiquitin carboxyl-terminal hydrolase 14,peptidase C19,Membrane,,,0,,,True,"[S-farnesyl cysteine, S-geranylgeranyl cysteine]",internal
P54709,AT1B3,Sodium/potassium-transporting ATPase subunit beta-3,X(+)/potassium ATPases subunit beta,Membrane,,,0,,,True,"[S-farnesyl cysteine, S-geranylgeranyl cysteine]",internal
P54852,EMP3,Epithelial membrane protein 3,PMP-22/EMP/MP20,Membrane,,,0,,,True,"[S-farnesyl cysteine, S-geranylgeranyl cysteine]",internal
P55061,BI1,Bax inhibitor 1,BI1,Membrane,,,0,,,True,"[S-farnesyl cysteine, S-geranylgeranyl cysteine]",internal
P57740,NU107,Nuclear pore complex protein Nup107,nucleoporin Nup84/Nup107,Membrane,,,0,,,True,S-farnesyl cysteine,internal
P60033,CD81,CD81 antigen,tetraspanin (TM4SF),Membrane,,,0,,,True,"[S-farnesyl cysteine, S-geranylgeranyl cysteine]",internal
P60059,SC61G,Protein transport protein Sec61 subunit gamma,SecE/SEC61-gamma,Membrane,,,0,,,True,S-farnesyl cysteine,internal
P60228,EIF3E,Eukaryotic translation initiation factor 3 subunit E,eIF-3 subunit E,"['PML body', 'Cytoplasm']",,,0,,,True,S-farnesyl cysteine,internal
P60468,SC61B,Protein transport protein Sec61 subunit beta,SEC61-beta,Membrane,S-palmitoyl cysteine,C,-5,ECO_0000305,doi:10.1194/jlr.d011106,True,"[S-farnesyl cysteine, S-geranylgeranyl cysteine]",internal
P61201,CSN2,COP9 signalosome complex subunit 2,CSN2,"['Nucleus', 'Cytoplasm']",,,0,,,True,"[S-farnesyl cysteine, S-geranylgeranyl cysteine]",internal
P61289,PSME3,Proteasome activator complex subunit 3,PA28,"['Nucleus', 'Cytoplasm']",,,0,,,True,"[S-farnesyl cysteine, S-geranylgeranyl cysteine]",internal
P62072,TIM10,Mitochondrial import inner membrane translocase subunit Tim10,small Tim,Membrane,,,0,,,True,"[S-farnesyl cysteine, S-geranylgeranyl cysteine]",internal
P63027,VAMP2,Vesicle-associated membrane protein 2,synaptobrevin,Membrane,,,0,,,True,S-geranylgeranyl cysteine,internal
P67812,SC11A,Signal peptidase complex catalytic subunit SEC11A,peptidase S26B,Membrane,,,0,,,True,S-farnesyl cysteine,internal
P67936,TPM4,Tropomyosin alpha-4 chain,tropomyosin,Cytoskeleton,,,0,,,True,S-farnesyl cysteine,CX
P78347,GTF2I,General transcription factor II-I,TFII-I,"['Nucleus', 'Cytoplasm']",,,0,,,True,S-farnesyl cysteine,internal
P78371,TCPB,T-complex protein 1 subunit beta,TCP-1 chaperonin,Cytoplasm,,,0,,,True,S-farnesyl cysteine,C
P78383,S35B1,Solute carrier family 35 member B1,nucleotide-sugar transporter,Membrane,,,0,,,True,S-geranylgeranyl cysteine,internal
P78527,PRKDC,DNA-dependent protein kinase catalytic subunit,PI3/PI4-kinase,"['Nucleus', 'Nucleolus']",,,0,,,True,S-farnesyl cysteine,internal
P98196,AT11A,Phospholipid-transporting ATPase IH,cation transport ATPase (P-type) (TC 3.A.3),Membrane,,,0,,,True,S-geranylgeranyl cysteine,internal
Q00765,REEP5,Receptor expression-enhancing protein 5,DP1,Membrane,,,0,,,True,"[S-farnesyl cysteine, S-geranylgeranyl cysteine]",CXX
Q01650,LAT1,Large neutral amino acids transporter small subunit 1,L-type amino acid transporter (LAT) (TC 2.A.3.8),Membrane,,,0,,,True,"[S-farnesyl cysteine, S-geranylgeranyl cysteine]",internal
Q03518,TAP1,Antigen peptide transporter 1,ABCB,Membrane,,,0,,,True,S-farnesyl cysteine,internal
Q04446,GLGB,"1,4-alpha-glucan-branching enzyme",glycosyl hydrolase 13,,,,0,,,True,S-farnesyl cysteine,internal
Q06136,KDSR,3-ketodihydrosphingosine reductase,short-chain dehydrogenases/reductases (SDR),Membrane,,,0,,,True,S-geranylgeranyl cysteine,internal
Q07065,CKAP4,Cytoskeleton-associated protein 4,CKAP4,Membrane,S-palmitoyl cysteine by ZDHHC2,C,-5,ECO_0000269,"['doi:10.1091/mbc.e08-08-0849', 'doi:10.1074/mcp.m800069-mcp200']",True,S-farnesyl cysteine,internal
Q07108,CD69,Early activation antigen CD69,CD69,Membrane,,,0,,,True,"[S-farnesyl cysteine, S-geranylgeranyl cysteine]",internal
Q07812,BAX,Apoptosis regulator BAX,Bcl-2,Membrane,,,0,,,True,"[S-farnesyl cysteine, S-geranylgeranyl cysteine]",CXX
Q07889,SOS1,Son of sevenless homolog 1,SOS1,,,,0,,,True,S-geranylgeranyl cysteine,internal
Q08722,CD47,Leukocyte surface antigen CD47,CD47,Membrane,,,0,,,True,S-geranylgeranyl cysteine,internal
Q10589,BST2,Bone marrow stromal antigen 2,tetherin,Membrane,GPI-anchor amidated serine,S,-2,ECO_0000255,,True,"[S-farnesyl cysteine, S-geranylgeranyl cysteine]",internal
Q10713,MPPA,Mitochondrial-processing peptidase subunit alpha,peptidase M16,Membrane,,,0,,,True,"[S-farnesyl cysteine, S-geranylgeranyl cysteine]",internal
Q12768,WASC5,WASH complex subunit 5,strumpellin,"['Early endosome', 'Cytosol', 'Endoplasmic reticulum']",,,0,,,True,S-geranylgeranyl cysteine,internal
Q12905,ILF2,Interleukin enhancer-binding factor 2,ILF2,"['Nucleus', 'Nucleolus', 'Cytoplasm']",,,0,,,True,S-farnesyl cysteine,internal
Q12999,TSN31,Tetraspanin-31,tetraspanin (TM4SF),Membrane,,,0,,,True,S-geranylgeranyl cysteine,internal
Q13009,TIAM1,Rho guanine nucleotide exchange factor TIAM1,TIAM,Membrane,N-myristoyl glycine,G,-1,ECO_0000255,,True,S-geranylgeranyl cysteine,internal
Q13042,CDC16,Cell division cycle protein 16 homolog,APC6/CDC16,"['Centrosome', 'Spindle']",,,0,,,True,S-geranylgeranyl cysteine,internal
Q13190,STX5,Syntaxin-5,syntaxin,Membrane,,,0,,,True,S-farnesyl cysteine,C
Q13217,DNJC3,DnaJ homolog subfamily C member 3,DNJC3,Endoplasmic reticulum,,,0,,,True,S-farnesyl cysteine,internal
Q13362,2A5G,Serine/threonine-protein phosphatase 2A 56 kDa regulatory subunit gamma isoform,phosphatase 2A regulatory subunit B56,"['Nucleus', 'Centromere']",,,0,,,True,S-farnesyl cysteine,internal
Q13409,DC1I2,Cytoplasmic dynein 1 intermediate chain 2,dynein intermediate chain,"['Cytoskeleton', 'Cytoplasm']",,,0,,,True,"[S-farnesyl cysteine, S-geranylgeranyl cysteine]",internal
Q13488,VPP3,V-type proton ATPase 116 kDa subunit a 3,V-ATPase 116 kDa subunit,Membrane,,,0,,,True,S-geranylgeranyl cysteine,internal
Q13530,SERC3,Serine incorporator 3,TDE1,Membrane,,,0,,,True,S-geranylgeranyl cysteine,internal
Q13571,LAPM5,Lysosomal-associated transmembrane protein 5,LAPTM4/LAPTM5 transporter,Membrane,,,0,,,True,"[S-farnesyl cysteine, S-geranylgeranyl cysteine]",internal
Q13685,AAMP,Angio-associated migratory cell protein,AAMP,Membrane,,,0,,,True,S-farnesyl cysteine,internal
Q14137,BOP1,Ribosome biogenesis protein BOP1,WD repeat BOP1/ERB1,"['Nucleolus', 'Nucleoplasm']",,,0,,,True,S-farnesyl cysteine,internal
Q14242,SELPL,P-selectin glycoprotein ligand 1,SELPL,Membrane,,,0,,,True,"[S-farnesyl cysteine, S-geranylgeranyl cysteine]",internal
Q14318,FKBP8,Peptidyl-prolyl cis-trans isomerase FKBP8,FKBP8,Membrane,,,0,,,True,S-farnesyl cysteine,internal
Q14331,FRG1,Protein FRG1,FRG1,"['Nucleolus', 'Cajal body', 'Z line', 'Cytoplasm']",,,0,,,True,S-farnesyl cysteine,CX
Q14344,GNA13,Guanine nucleotide-binding protein subunit alpha-13,G-alpha,Membrane,S-palmitoyl cysteine,C,-3,ECO_0000269,doi:10.1074/jbc.m000415200,True,S-geranylgeranyl cysteine,internal
Q14558,KPRA,Phosphoribosyl pyrophosphate synthase-associated protein 1,ribose-phosphate pyrophosphokinase,,,,0,,,True,S-geranylgeranyl cysteine,internal
Q14593,ZN273,Zinc finger protein 273,krueppel C2H2-type zinc-finger protein,Nucleus,,,0,,,True,S-farnesyl cysteine,internal
Q14697,GANAB,Neutral alpha-glucosidase AB,glycosyl hydrolase 31,"['Melanosome', 'Golgi apparatus', 'Endoplasmic reticulum']",,,0,,,True,S-farnesyl cysteine,CXXX
Q14728,MFS10,Major facilitator superfamily domain-containing protein 10,major facilitator superfamily.,Membrane,,,0,,,True,"[S-farnesyl cysteine, S-geranylgeranyl cysteine]",internal
Q14761,PTCA,Protein tyrosine phosphatase receptor type C-associated protein,PTCA,Membrane,,,0,,,True,S-geranylgeranyl cysteine,internal
Q15022,SUZ12,Polycomb protein SUZ12,VEFS (VRN2-EMF2-FIS2-SU(Z)12),Nucleus,,,0,,,True,S-farnesyl cysteine,internal
Q15027,ACAP1,"Arf-GAP with coiled-coil, ANK repeat and PH domain-containing protein 1",ACAP1,Membrane,,,0,,,True,S-farnesyl cysteine,internal
Q15041,AR6P1,ADP-ribosylation factor-like protein 6-interacting protein 1,ARL6ip,Membrane,,,0,,,True,"[S-farnesyl cysteine, S-geranylgeranyl cysteine]",internal
Q15042,RB3GP,Rab3 GTPase-activating protein catalytic subunit,Rab3-GAP catalytic subunit,"['Endoplasmic reticulum', 'Cytoplasm']",,,0,,,True,S-farnesyl cysteine,internal
Q15067,ACOX1,Peroxisomal acyl-coenzyme A oxidase 1,acyl-CoA oxidase,Peroxisome,,,0,,,True,"[S-farnesyl cysteine, S-geranylgeranyl cysteine]",internal
Q15125,EBP,"3-beta-hydroxysteroid-Delta(8),Delta(7)-isomerase",EBP,Membrane,,,0,,,True,"[S-farnesyl cysteine, S-geranylgeranyl cysteine]",internal
Q15365,PCBP1,Poly(rC)-binding protein 1,PCBP1,"['Nucleus', 'Cytoplasm']",,,0,,,True,S-farnesyl cysteine,CX
Q15388,TOM20,Mitochondrial import receptor subunit TOM20 homolog,Tom20,Membrane,,,0,,,True,S-geranylgeranyl cysteine,internal
Q15392,DHC24,Delta(24)-sterol reductase,FAD-binding oxidoreductase/transferase type 4,Membrane,,,0,,,True,"[S-farnesyl cysteine, S-geranylgeranyl cysteine]",internal
Q15437,SC23B,Protein transport protein Sec23B,SEC23/SEC24,Membrane,,,0,,,True,S-farnesyl cysteine,C
Q15629,TRAM1,Translocating chain-associated membrane protein 1,TRAM,Membrane,,,0,,,True,"[S-farnesyl cysteine, S-geranylgeranyl cysteine]",internal
Q15738,NSDHL,"Sterol-4-alpha-carboxylate 3-dehydrogenase, decarboxylating",3-beta-HSD,Membrane,,,0,,,True,S-geranylgeranyl cysteine,internal
Q15758,AAAT,Neutral amino acid transporter B(0),dicarboxylate/amino acid:cation symporter (DAACS) (TC 2.A.23),Membrane,,,0,,,True,S-farnesyl cysteine,internal
Q15813,TBCE,Tubulin-specific chaperone E,TBCE,"['Cytoskeleton', 'Cytoplasm']",,,0,,,True,S-farnesyl cysteine,internal
Q16563,SYPL1,Synaptophysin-like protein 1,synaptophysin/synaptobrevin,Membrane,,,0,,,True,"[S-farnesyl cysteine, S-geranylgeranyl cysteine]",internal
Q16611,BAK,Bcl-2 homologous antagonist/killer,Bcl-2,Membrane,,,0,,,True,S-farnesyl cysteine,internal
Q16644,MAPK3,MAP kinase-activated protein kinase 3,CAMK Ser/Thr protein kinase,"['Nucleus', 'Cytoplasm']",,,0,,,True,S-farnesyl cysteine,CXXX
Q16836,HCDH,"Hydroxyacyl-coenzyme A dehydrogenase, mitochondrial",3-hydroxyacyl-CoA dehydrogenase,Mitochondrion matrix,,,0,,,True,S-farnesyl cysteine,internal
Q16850,CP51A,Lanosterol 14-alpha demethylase,cytochrome P450,Membrane,,,0,,,True,S-farnesyl cysteine,internal
Q27J81,INF2,Inverted formin-2,formin homology,Perinuclear region,,,0,,,True,S-farnesyl cysteine,CAAX
Q2PZI1,D19L1,Probable C-mannosyltransferase DPY19L1,dpy-19,Membrane,,,0,,,True,S-geranylgeranyl cysteine,internal
Q2T9J0,TYSD1,Peroxisomal leader peptide-processing protease,peptidase S1B,Peroxisome,,,0,,,True,S-farnesyl cysteine,internal
Q2TAA5,ALG11,"GDP-Man:Man(3)GlcNAc(2)-PP-Dol alpha-1,2-mannosyltransferase",glycosyltransferase group 1,Membrane,,,0,,,True,S-geranylgeranyl cysteine,internal
Q2VIQ3,KIF4B,Chromosome-associated kinesin KIF4B,Kinesin,"['Cytoskeleton', 'Nucleus matrix']",,,0,,,True,"[S-farnesyl cysteine, S-geranylgeranyl cysteine]",internal
Q53H12,AGK,"Acylglycerol kinase, mitochondrial",AGK,Membrane,,,0,,,True,"[S-farnesyl cysteine, S-geranylgeranyl cysteine]",internal
Q53HC9,EIPR1,EARP and GARP complex-interacting protein 1,WD repeat EIPR1,trans-Golgi network,,,0,,,True,S-farnesyl cysteine,internal
Q5BJD5,TM41B,Transmembrane protein 41B,TMEM41,Membrane,,,0,,,True,"[S-farnesyl cysteine, S-geranylgeranyl cysteine]",internal
Q5BJF2,SGMR2,Sigma intracellular receptor 2,TMEM97/sigma-2 receptor,Membrane,,,0,,,True,"[S-farnesyl cysteine, S-geranylgeranyl cysteine]",internal
Q5BKT4,AG10A,"Dol-P-Glc:Glc(2)Man(9)GlcNAc(2)-PP-Dol alpha-1,2-glucosyltransferase",ALG10 glucosyltransferase,Membrane,,,0,,,True,S-geranylgeranyl cysteine,internal
Q5RI15,COX20,"Cytochrome c oxidase assembly protein COX20, mitochondrial",COX20,Membrane,,,0,,,True,S-geranylgeranyl cysteine,internal
Q5SNT2,TM201,Transmembrane protein 201,TMEM201,Membrane,,,0,,,True,"[S-farnesyl cysteine, S-geranylgeranyl cysteine]",internal
Q5SRD1,TI23B,Mitochondrial import inner membrane translocase subunit Tim23B,Tim17/Tim22/Tim23,Membrane,,,0,,,True,S-geranylgeranyl cysteine,internal
Q5SZL2,CE85L,Centrosomal protein of 85 kDa-like,CEP85,Centrosome,,,0,,,True,S-farnesyl cysteine,CXXX
Q5T2E6,ARMD3,Armadillo-like helical domain-containing protein 3,ARMH3,Membrane,,,0,,,True,S-geranylgeranyl cysteine,internal
Q5T6V5,QNG1,Queuosine 5'-phosphate N-glycosylase/hydrolase,QNG1 protein,,,,0,,,True,S-geranylgeranyl cysteine,CXXX
Q5T9A4,ATD3B,ATPase family AAA domain-containing protein 3B,AAA ATPase,Membrane,,,0,,,True,"[S-farnesyl cysteine, S-geranylgeranyl cysteine]",CXXX
Q5TA45,INT11,Integrator complex subunit 11,RNA-metabolizing metallo-beta-lactamase-like,"['Nucleus', 'Cytoplasm']",,,0,,,True,S-geranylgeranyl cysteine,internal
Q5VTL8,PR38B,Pre-mRNA-splicing factor 38B,PRP38,Nucleus,,,0,,,True,S-farnesyl cysteine,internal
Q5VW36,FOCAD,Focadhesin,FOCAD,"['Cytosol', 'Focal adhesion']",,,0,,,True,"[S-farnesyl cysteine, S-geranylgeranyl cysteine]",internal
Q5VZE5,NAA35,"N-alpha-acetyltransferase 35, NatC auxiliary subunit",MAK10,Cytoplasm,,,0,,,True,S-farnesyl cysteine,internal
Q5W0Z9,ZDH20,Palmitoyltransferase ZDHHC20,DHHC palmitoyltransferase,Membrane,,,0,,,True,S-geranylgeranyl cysteine,internal
Q5XKP0,MIC13,MICOS complex subunit MIC13,MICOS complex subunit Mic13,Membrane,,,0,,,True,S-farnesyl cysteine,internal
Q68DE3,USF3,Basic helix-loop-helix domain-containing protein USF3,USF3,Nucleus,,,0,,,True,S-farnesyl cysteine,CXXXX
Q68DH5,LMBD2,G-protein coupled receptor-associated protein LMBRD2,LIMR,Membrane,,,0,,,True,S-geranylgeranyl cysteine,internal
Q69YN4,VIR,Protein virilizer homolog,vir,"['Nucleoplasm', 'Nucleus speckle', 'Cytoplasm']",,,0,,,True,"[S-farnesyl cysteine, S-geranylgeranyl cysteine]",CXXXX
Q6IAA8,LTOR1,Ragulator complex protein LAMTOR1,LAMTOR1,Membrane,N-myristoyl glycine,G,-1,ECO_0000269,"['doi:10.1038/ncomms5919', 'doi:10.1002/anie.201500342']",True,S-farnesyl cysteine,internal
Q6N075,MFSD5,Molybdate-anion transporter,major facilitator superfamily.,Membrane,,,0,,,True,"[S-farnesyl cysteine, S-geranylgeranyl cysteine]",internal
Q6NTF9,RHBD2,Rhomboid domain-containing protein 2,peptidase S54,Membrane,,,0,,,True,S-geranylgeranyl cysteine,internal
Q6NUQ4,TM214,Transmembrane protein 214,TMEM214,Membrane,,,0,,,True,"[S-farnesyl cysteine, S-geranylgeranyl cysteine]",internal
Q6NVY1,HIBCH,"3-hydroxyisobutyryl-CoA hydrolase, mitochondrial",enoyl-CoA hydratase/isomerase,Mitochondrion,,,0,,,True,S-geranylgeranyl cysteine,CXX
Q6NW34,NEPRO,Nucleolus and neural progenitor protein,nepro,"['Nucleus', 'Nucleolus']",,,0,,,True,S-farnesyl cysteine,internal
Q6P1A2,MBOA5,Lysophospholipid acyltransferase 5,membrane-bound acyltransferase,Membrane,,,0,,,True,"[S-farnesyl cysteine, S-geranylgeranyl cysteine]",internal
Q6PI78,TMM65,Transmembrane protein 65,TMM65,Membrane,,,0,,,True,S-geranylgeranyl cysteine,internal
Q6PIU2,NCEH1,Neutral cholesterol ester hydrolase 1,'GDXG' lipolytic enzyme,Membrane,,,0,,,True,"[S-farnesyl cysteine, S-geranylgeranyl cysteine]",internal
Q6PJF5,RHDF2,Inactive rhomboid protein 2,peptidase S54,Membrane,,,0,,,True,S-geranylgeranyl cysteine,internal
Q6PJI9,WDR59,GATOR complex protein WDR59,WD repeat WDR59,Membrane,,,0,,,True,"[S-farnesyl cysteine, S-geranylgeranyl cysteine]",internal
Q6RW13,ATRAP,Type-1 angiotensin II receptor-associated protein,ATRAP,Membrane,,,0,,,True,S-geranylgeranyl cysteine,internal
Q6UW68,TM205,Transmembrane protein 205,TMEM205,Membrane,,,0,,,True,"[S-farnesyl cysteine, S-geranylgeranyl cysteine]",internal
Q6ZNJ1,NBEL2,Neurobeachin-like protein 2,WD repeat neurobeachin,Endoplasmic reticulum,,,0,,,True,"[S-farnesyl cysteine, S-geranylgeranyl cysteine]",internal
Q7KZN9,COX15,Cytochrome c oxidase assembly protein COX15 homolog,COX15/CtaA,Membrane,,,0,,,True,S-geranylgeranyl cysteine,internal
Q7RTN6,STRAA,STE20-related kinase adapter protein alpha,STE Ser/Thr protein kinase,"['Nucleus', 'Cytoplasm']",,,0,,,True,"[S-farnesyl cysteine, S-geranylgeranyl cysteine]",CXXX
Q7Z2E3,APTX,Aprataxin,APTX,"['Nucleolus', 'Nucleoplasm', 'Cytoplasm']",,,0,,,True,S-farnesyl cysteine,internal
Q7Z2K6,ERMP1,Endoplasmic reticulum metallopeptidase 1,peptidase M28,Membrane,,,0,,,True,S-farnesyl cysteine,internal
Q7Z2W4,ZCCHV,Zinc finger CCCH-type antiviral protein 1,ARTD/PARP,"['Nucleus', 'Cytoplasm']",,,0,,,True,S-farnesyl cysteine,CAAX
Q7Z2Z2,EFL1,Elongation factor-like GTPase 1,Classic translation factor GTPase,,,,0,,,True,S-farnesyl cysteine,internal
Q7Z3C6,ATG9A,Autophagy-related protein 9A,ATG9,Membrane,,,0,,,True,S-farnesyl cysteine,internal
Q7Z3U7,MON2,Protein MON2 homolog,MON2,Membrane,,,0,,,True,S-geranylgeranyl cysteine,internal
Q7Z403,TMC6,Transmembrane channel-like protein 6,TMC,Membrane,,,0,,,True,S-farnesyl cysteine,CXX
Q7Z406,MYH14,Myosin-14,Myosin,,,,0,,,True,S-geranylgeranyl cysteine,internal
Q7Z434,MAVS,Mitochondrial antiviral-signaling protein,MAVS,Membrane,,,0,,,True,S-farnesyl cysteine,CXXX
Q7Z4H7,HAUS6,HAUS augmin-like complex subunit 6,HAUS6,"['Centrosome', 'Spindle', 'Cytoskeleton']",,,0,,,True,S-farnesyl cysteine,C
Q7Z4S6,KI21A,Kinesin-like protein KIF21A,Kinesin,"['Axon', 'Dendrite', 'Cytoskeleton']",,,0,,,True,S-farnesyl cysteine,internal
Q7Z5G4,GOGA7,Golgin subfamily A member 7,ERF4,Membrane,S-palmitoyl cysteine,C,-6,ECO_0000269,doi:10.1074/jbc.m310014200,True,S-geranylgeranyl cysteine,internal
Q7Z7H5,TMED4,Transmembrane emp24 domain-containing protein 4,EMP24/GP25L,Membrane,,,0,,,True,S-farnesyl cysteine,internal
Q86T03,PP4P1,"Type 1 phosphatidylinositol 4,5-bisphosphate 4-phosphatase",PP4P1,Membrane,,,0,,,True,"[S-farnesyl cysteine, S-geranylgeranyl cysteine]",CX
Q86TM6,SYVN1,E3 ubiquitin-protein ligase synoviolin,HRD1,Membrane,,,0,,,True,S-geranylgeranyl cysteine,internal
Q86UL3,GPAT4,Glycerol-3-phosphate acyltransferase 4,1-acyl-sn-glycerol-3-phosphate acyltransferase,Membrane,,,0,,,True,S-geranylgeranyl cysteine,internal
Q86VR2,RETR3,Reticulophagy regulator 3,RETREG,Membrane,,,0,,,True,S-geranylgeranyl cysteine,internal
Q86VX2,COMD7,COMM domain-containing protein 7,COMD7,Cytoplasmic vesicle,,,0,,,True,"[S-farnesyl cysteine, S-geranylgeranyl cysteine]",CXC
Q86XK2,FBX11,F-box only protein 11,FBX11,"['Nucleus', 'Chromosome']",,,0,,,True,S-farnesyl cysteine,internal
Q8IUF8,RIOX2,Ribosomal oxygenase 2,ROX,"['Nucleus', 'Nucleolus']",,,0,,,True,S-farnesyl cysteine,internal
Q8IW50,F219A,Protein FAM219A,FAM219,,,,0,,,True,S-farnesyl cysteine,CXXX
Q8IWA5,CTL2,Choline transporter-like protein 2,CTL (choline transporter-like),Membrane,,,0,,,True,S-farnesyl cysteine,internal
Q8IWR1,TRI59,Tripartite motif-containing protein 59,TRIM/RBCC,Membrane,,,0,,,True,S-geranylgeranyl cysteine,internal
Q8IXM6,NRM,Nurim,nurim,Membrane,,,0,,,True,"[S-farnesyl cysteine, S-geranylgeranyl cysteine]",internal
Q8IYT2,CMTR2,Cap-specific mRNA (nucleoside-2'-O-)-methyltransferase 2,CMTR2,"['Nucleus', 'Cytoplasm']",,,0,,,True,S-farnesyl cysteine,internal
Q8IZ83,A16A1,Aldehyde dehydrogenase family 16 member A1,aldehyde dehydrogenase,,,,0,,,True,S-farnesyl cysteine,CCC
Q8N131,PORIM,Porimin,CD164,Membrane,,,0,,,True,"[S-farnesyl cysteine, S-geranylgeranyl cysteine]",internal
Q8N2K0,ABD12,Lysophosphatidylserine lipase ABHD12,serine esterase,Membrane,,,0,,,True,S-farnesyl cysteine,internal
Q8N2U0,TM256,Transmembrane protein 256,TMEM256,Membrane,,,0,,,True,"[S-farnesyl cysteine, S-geranylgeranyl cysteine]",internal
Q8N393,ZN786,Zinc finger protein 786,krueppel C2H2-type zinc-finger protein,Nucleus,,,0,,,True,S-farnesyl cysteine,internal
Q8N3D4,EH1L1,EH domain-binding protein 1-like protein 1,EH1L1,Endosome,,,0,,,True,S-farnesyl cysteine,CAAX
Q8N4C8,MINK1,Misshapen-like kinase 1,STE Ser/Thr protein kinase,"['Cytoplasm', 'Axon', 'Dendrite', 'Golgi apparatus', 'Postsynaptic density']",,,0,,,True,S-geranylgeranyl cysteine,CXXXX
Q8N4V1,EMC5,ER membrane protein complex subunit 5,membrane magnesium transporter (TC 1.A.67),Membrane,,,0,,,True,S-geranylgeranyl cysteine,internal
Q8N5B7,CERS5,Ceramide synthase 5,CERS5,Membrane,,,0,,,True,"[S-farnesyl cysteine, S-geranylgeranyl cysteine]",internal
Q8N5D0,WDTC1,WD and tetratricopeptide repeats protein 1,WDTC1,,,,0,,,True,S-farnesyl cysteine,CXXX
Q8N5N7,RM50,Large ribosomal subunit protein mL50,mitochondrion-specific ribosomal protein mL50,Mitochondrion,,,0,,,True,S-farnesyl cysteine,internal
Q8N697,S15A4,Solute carrier family 15 member 4,Proton-dependent oligopeptide transporter (POT/PTR) (TC 2.A.17),Membrane,,,0,,,True,S-geranylgeranyl cysteine,internal
Q8N6L1,KTAP2,Keratinocyte-associated protein 2,KRTCAP2,Membrane,,,0,,,True,S-geranylgeranyl cysteine,internal
Q8N6S5,AR6P6,ADP-ribosylation factor-like protein 6-interacting protein 6,ARL6IP6,Membrane,,,0,,,True,S-geranylgeranyl cysteine,CXX
Q8N806,UBR7,Putative E3 ubiquitin-protein ligase UBR7,UBR7,,,,0,,,True,S-farnesyl cysteine,CX
Q8NB42,ZN527,Zinc finger protein 527,krueppel C2H2-type zinc-finger protein,Nucleus,,,0,,,True,S-farnesyl cysteine,internal
Q8NBI2,CYAC3,Lysosomal membrane ascorbate-dependent ferrireductase CYB561A3,CYAC3,Membrane,,,0,,,True,"[S-farnesyl cysteine, S-geranylgeranyl cysteine]",internal
Q8NBI5,S43A3,Equilibrative nucleobase transporter 1,SLC43A transporter (TC 2.A.1.44),Membrane,,,0,,,True,S-farnesyl cysteine,internal
Q8NBK3,SUMF1,Formylglycine-generating enzyme,sulfatase-modifying factor,Endoplasmic reticulum lumen,,,0,,,True,S-farnesyl cysteine,CXX
Q8NBN3,TM87A,Transmembrane protein 87A,LU7TM,Membrane,,,0,,,True,S-geranylgeranyl cysteine,C
Q8NBW4,S38A9,Neutral amino acid transporter 9,amino acid/polyamine transporter 2,Membrane,,,0,,,True,S-geranylgeranyl cysteine,internal
Q8NC44,RETR2,Reticulophagy regulator 2,RETREG,Membrane,,,0,,,True,S-geranylgeranyl cysteine,internal
Q8NCF5,NF2IP,NFATC2-interacting protein,NF2IP,"['Nucleus', 'Cytoplasm']",,,0,,,True,S-farnesyl cysteine,internal
Q8NE35,CPEB3,Cytoplasmic polyadenylation element-binding protein 3,RRM CPEB,"['Cytoplasm', 'Nucleus', 'Dendrite', 'Synapse', 'Postsynaptic density']",,,0,,,True,S-farnesyl cysteine,internal
Q8NF37,PCAT1,Lysophosphatidylcholine acyltransferase 1,1-acyl-sn-glycerol-3-phosphate acyltransferase,Membrane,,,0,,,True,"[S-farnesyl cysteine, S-geranylgeranyl cysteine]",internal
Q8NFH5,NUP35,Nucleoporin NUP35,Nup35,Membrane,,,0,,,True,S-farnesyl cysteine,internal
Q8NG11,TSN14,Tetraspanin-14,tetraspanin (TM4SF),Membrane,,,0,,,True,"[S-farnesyl cysteine, S-geranylgeranyl cysteine]",internal
Q8NHH9,ATLA2,Atlastin-2,GB1/RHD3 GTPase,Membrane,,,0,,,True,"[S-farnesyl cysteine, S-geranylgeranyl cysteine]",internal
Q8TAA9,VANG1,Vang-like protein 1,Vang,Membrane,,,0,,,True,S-geranylgeranyl cysteine,internal
Q8TAF3,WDR48,WD repeat-containing protein 48,WD repeat WDR48,"['Nucleus', 'Late endosome', 'Lysosome', 'Cytoplasm']",,,0,,,True,S-farnesyl cysteine,internal
Q8TB52,FBX30,F-box only protein 30,FBX30,,,,0,,,True,S-farnesyl cysteine,internal
Q8TB61,S35B2,Adenosine 3'-phospho 5'-phosphosulfate transporter 1,nucleotide-sugar transporter,Membrane,,,0,,,True,S-farnesyl cysteine,internal
Q8TB72,PUM2,Pumilio homolog 2,PUM2,"['Cytoplasmic granule', 'Perinuclear region', 'Cytoplasm']",,,0,,,True,"[S-farnesyl cysteine, S-geranylgeranyl cysteine]",internal
Q8TBP6,S2540,Probable mitochondrial glutathione transporter SLC25A40,mitochondrial carrier (TC 2.A.29),Membrane,,,0,,,True,S-farnesyl cysteine,internal
Q8TBQ9,KISHA,Protein kish-A,KISH,Membrane,,,0,,,True,S-farnesyl cysteine,internal
Q8TC12,RDH11,Retinol dehydrogenase 11,short-chain dehydrogenases/reductases (SDR),Membrane,,,0,,,True,S-farnesyl cysteine,internal
Q8TCD1,CR032,UPF0729 protein C18orf32,UPF0729,"['Lipid droplet', 'Endoplasmic reticulum']",,,0,,,True,"[S-farnesyl cysteine, S-geranylgeranyl cysteine]",internal
Q8TCJ2,STT3B,Dolichyl-diphosphooligosaccharide--protein glycosyltransferase subunit STT3B,STT3,Membrane,,,0,,,True,"[S-farnesyl cysteine, S-geranylgeranyl cysteine]",internal
Q8TD19,NEK9,Serine/threonine-protein kinase Nek9,NEK Ser/Thr protein kinase,"['Nucleus', 'Cytoplasm']",,,0,,,True,S-farnesyl cysteine,CXXXX
Q8TDZ2,MICA1,[F-actin]-monooxygenase MICAL1,Mical,"['Midbody', 'Cytoskeleton', 'Cytoplasm']",,,0,,,True,S-farnesyl cysteine,internal
Q8TEB9,RHBL4,Rhomboid-related protein 4,peptidase S54,Membrane,,,0,,,True,"[S-farnesyl cysteine, S-geranylgeranyl cysteine]",internal
Q8TED0,UTP15,U3 small nucleolar RNA-associated protein 15 homolog,UTP15,Nucleolus,,,0,,,True,"[S-farnesyl cysteine, S-geranylgeranyl cysteine]",internal
Q8WUX1,S38A5,Sodium-coupled neutral amino acid transporter 5,amino acid/polyamine transporter 2,Membrane,,,0,,,True,S-geranylgeranyl cysteine,internal
Q8WV22,NSE1,Non-structural maintenance of chromosomes element 1 homolog,NSE1,"['Telomere', 'Nucleus']",,,0,,,True,S-geranylgeranyl cysteine,internal
Q8WWC4,MAIP1,"m-AAA protease-interacting protein 1, mitochondrial",MAIP1,Mitochondrion matrix,,,0,,,True,S-geranylgeranyl cysteine,internal
Q8WWI5,CTL1,Choline transporter-like protein 1,CTL (choline transporter-like),Membrane,N-myristoyl glycine,G,-6,ECO_0000269,doi:10.1074/mcp.m111.015131,True,"[S-farnesyl cysteine, S-geranylgeranyl cysteine]",internal
Q8WXH0,SYNE2,Nesprin-2,nesprin,Membrane,,,0,,,True,"[S-farnesyl cysteine, S-geranylgeranyl cysteine]",CXXXX
Q8WY22,BRI3B,BRI3-binding protein,BRI3B,Membrane,,,0,,,True,S-farnesyl cysteine,internal
Q92544,TM9S4,Transmembrane 9 superfamily member 4,nonaspanin (TM9SF) (TC 9.A.2),Membrane,,,0,,,True,"[S-farnesyl cysteine, S-geranylgeranyl cysteine]",internal
Q92556,ELMO1,Engulfment and cell motility protein 1,ELMO1,Membrane,,,0,,,True,S-farnesyl cysteine,CX
Q92575,UBXN4,UBX domain-containing protein 4,UBXN4,Membrane,,,0,,,True,"[S-farnesyl cysteine, S-geranylgeranyl cysteine]",internal
Q92685,ALG3,"Dol-P-Man:Man(5)GlcNAc(2)-PP-Dol alpha-1,3-mannosyltransferase",glycosyltransferase 58,Membrane,,,0,,,True,"[S-farnesyl cysteine, S-geranylgeranyl cysteine]",internal
Q92968,PEX13,Peroxisomal membrane protein PEX13,peroxin-13,Membrane,,,0,,,True,S-geranylgeranyl cysteine,internal
Q93038,TNR25,Tumor necrosis factor receptor superfamily member 25,TNR25,Membrane,,,0,,,True,S-geranylgeranyl cysteine,CXXXX
Q969E2,SCAM4,Secretory carrier-associated membrane protein 4,SCAMP,Membrane,,,0,,,True,S-geranylgeranyl cysteine,internal
Q969M3,YIPF5,Protein YIPF5,YIP1,Membrane,,,0,,,True,S-farnesyl cysteine,internal
Q969X1,LFG3,Protein lifeguard 3,BI1,Membrane,,,0,,,True,"[S-farnesyl cysteine, S-geranylgeranyl cysteine]",internal
Q969Z0,FAKD4,FAST kinase domain-containing protein 4,FAST kinase,Mitochondrion matrix,,,0,,,True,S-geranylgeranyl cysteine,internal
Q96A26,F162A,Protein FAM162A,UPF0389,Membrane,,,0,,,True,S-farnesyl cysteine,internal
Q96AA3,RFT1,Protein RFT1 homolog,RFT1,Membrane,,,0,,,True,"[S-farnesyl cysteine, S-geranylgeranyl cysteine]",internal
Q96AG4,LRC59,Leucine-rich repeat-containing protein 59,LRC59,Membrane,,,0,,,True,S-farnesyl cysteine,internal
Q96BY9,SARAF,Store-operated calcium entry-associated regulatory factor,SARAF,Membrane,,,0,,,True,"[S-farnesyl cysteine, S-geranylgeranyl cysteine]",internal
Q96C86,DCPS,m7GpppX diphosphatase,HIT,"['Nucleus', 'Cytoplasm']",,,0,,,True,S-farnesyl cysteine,internal
Q96CW5,GCP3,Gamma-tubulin complex component 3,TUBGCP,Centrosome,,,0,,,True,"[S-farnesyl cysteine, S-geranylgeranyl cysteine]",CX
Q96D96,HVCN1,Voltage-gated hydrogen channel 1,hydrogen channel,Membrane,,,0,,,True,S-geranylgeranyl cysteine,internal
Q96EA4,SPDLY,Protein Spindly,Spindly,"['Nucleus', 'Centrosome', 'Spindle pole', 'Kinetochore']",,,0,,,True,S-farnesyl cysteine,CXXX
Q96EU7,C1GLC,C1GALT1-specific chaperone 1,glycosyltransferase 31,Membrane,,,0,,,True,S-farnesyl cysteine,internal
Q96FZ5,CKLF7,CKLF-like MARVEL transmembrane domain-containing protein 7,chemokine-like factor,Membrane,,,0,,,True,S-farnesyl cysteine,internal
Q96G23,CERS2,Ceramide synthase 2,CERS2,Membrane,,,0,,,True,"[S-farnesyl cysteine, S-geranylgeranyl cysteine]",internal
Q96GC9,VMP1,Vacuole membrane protein 1,VMP1,Membrane,,,0,,,True,S-geranylgeranyl cysteine,internal
Q96HE7,ERO1A,ERO1-like protein alpha,EROs,Membrane,,,0,,,True,S-farnesyl cysteine,internal
Q96HV5,TM41A,Transmembrane protein 41A,TMEM41,Membrane,,,0,,,True,"[S-farnesyl cysteine, S-geranylgeranyl cysteine]",internal
Q96HY6,DDRGK,DDRGK domain-containing protein 1,DDRGK1,Membrane,,,0,,,True,S-farnesyl cysteine,internal
Q96IG2,FXL20,F-box/LRR-repeat protein 20,FXL20,Cytoplasm,,,0,,,True,S-farnesyl cysteine,CAAX
Q96JC1,VPS39,Vam6/Vps39-like protein,VAM6/VPS39,Membrane,,,0,,,True,S-geranylgeranyl cysteine,internal
Q96JJ7,TMX3,Protein disulfide-isomerase TMX3,protein disulfide isomerase,Membrane,,,0,,,True,S-farnesyl cysteine,internal
Q96KA5,CLP1L,Lipid scramblase CLPTM1L,CLPTM1,Membrane,,,0,,,True,"[S-farnesyl cysteine, S-geranylgeranyl cysteine]",internal
Q96KC8,DNJC1,DnaJ homolog subfamily C member 1,DNJC1,Membrane,,,0,,,True,"[S-farnesyl cysteine, S-geranylgeranyl cysteine]",internal
Q96M27,PRRC1,Protein PRRC1,PRRC1,Golgi apparatus,,,0,,,True,S-farnesyl cysteine,internal
Q96P70,IPO9,Importin-9,importin beta,"['Nucleus', 'Cytoplasm']",,,0,,,True,"[S-farnesyl cysteine, S-geranylgeranyl cysteine]",internal
Q96QD8,S38A2,Sodium-coupled neutral amino acid symporter 2,amino acid/polyamine transporter 2,Membrane,,,0,,,True,"[S-farnesyl cysteine, S-geranylgeranyl cysteine]",internal
Q96RQ1,ERGI2,Endoplasmic reticulum-Golgi intermediate compartment protein 2,ERGIC,Membrane,,,0,,,True,S-geranylgeranyl cysteine,internal
Q96S97,MYADM,Myeloid-associated differentiation marker,MAL,Membrane,,,0,,,True,"[S-farnesyl cysteine, S-geranylgeranyl cysteine]",internal
Q96SB4,SRPK1,SRSF protein kinase 1,CMGC Ser/Thr protein kinase,"['Nucleoplasm', 'Cytoplasm', 'Nucleus', 'Nucleus matrix', 'Chromosome', 'Microsome', 'Nucleus speckle']",,,0,,,True,S-farnesyl cysteine,internal
Q96SI9,STRBP,Spermatid perinuclear RNA-binding protein,STRBP,Cytoplasm,,,0,,,True,"[S-farnesyl cysteine, S-geranylgeranyl cysteine]",internal
Q96SK2,TM209,Transmembrane protein 209,TM209,Membrane,,,0,,,True,S-geranylgeranyl cysteine,internal
Q96T51,RUFY1,RUN and FYVE domain-containing protein 1,RUFY1,Membrane,,,0,,,True,S-farnesyl cysteine,internal
Q96TC7,RMD3,Regulator of microtubule dynamics protein 3,RMDN,Membrane,,,0,,,True,S-geranylgeranyl cysteine,internal
Q99442,SEC62,Translocation protein SEC62,SEC62,Membrane,,,0,,,True,"[S-farnesyl cysteine, S-geranylgeranyl cysteine]",internal
Q99541,PLIN2,Perilipin-2,perilipin,Membrane,,,0,,,True,S-farnesyl cysteine,internal
Q99640,PMYT1,Membrane-associated tyrosine- and threonine-specific cdc2-inhibitory kinase,Ser/Thr protein kinase,Membrane,,,0,,,True,S-farnesyl cysteine,internal
Q99643,C560,"Succinate dehydrogenase cytochrome b560 subunit, mitochondrial",cytochrome b560,Membrane,,,0,,,True,S-farnesyl cysteine,internal
Q99720,SGMR1,Sigma non-opioid intracellular receptor 1,ERG2,Membrane,,,0,,,True,"[S-farnesyl cysteine, S-geranylgeranyl cysteine]",internal
Q99732,LITAF,Lipopolysaccharide-induced tumor necrosis factor-alpha factor,CDIP1/LITAF,Membrane,,,0,,,True,"[S-farnesyl cysteine, S-geranylgeranyl cysteine]",internal
Q99735,MGST2,Microsomal glutathione S-transferase 2,MAPEG,Membrane,,,0,,,True,S-farnesyl cysteine,C
Q99808,S29A1,Equilibrative nucleoside transporter 1,SLC29A/ENT transporter (TC 2.A.57),Membrane,,,0,,,True,"[S-farnesyl cysteine, S-geranylgeranyl cysteine]",internal
Q9BPW8,NIPS1,Protein NipSnap homolog 1,NipSnap,,,,0,,,True,"[S-farnesyl cysteine, S-geranylgeranyl cysteine]",internal
Q9BQB6,VKOR1,Vitamin K epoxide reductase complex subunit 1,VKOR,Membrane,,,0,,,True,S-farnesyl cysteine,internal
Q9BQE4,SELS,Selenoprotein S,selenoprotein S,Membrane,,,0,,,True,S-farnesyl cysteine,internal
Q9BQE5,APOL2,Apolipoprotein L2,apolipoprotein L,Cytoplasm,,,0,,,True,S-farnesyl cysteine,internal
Q9BQG0,MBB1A,Myb-binding protein 1A,MYBBP1A,"['Nucleus', 'Nucleolus', 'Cytoplasm']",,,0,,,True,S-geranylgeranyl cysteine,internal
Q9BQP7,MGME1,Mitochondrial genome maintenance exonuclease 1,MGME1,Mitochondrion,,,0,,,True,S-farnesyl cysteine,internal
Q9BSY4,CHCH5,Coiled-coil-helix-coiled-coil-helix domain-containing protein 5,CHCH5,Membrane,,,0,,,True,S-farnesyl cysteine,CXX
Q9BT22,ALG1,Chitobiosyldiphosphodolichol beta-mannosyltransferase,glycosyltransferase group 1,Membrane,,,0,,,True,S-farnesyl cysteine,internal
Q9BTE3,MCMBP,Mini-chromosome maintenance complex-binding protein,MCMBP,Nucleus,,,0,,,True,S-farnesyl cysteine,internal
Q9BTV4,TMM43,Transmembrane protein 43,TMEM43,Membrane,,,0,,,True,"[S-farnesyl cysteine, S-geranylgeranyl cysteine]",internal
Q9BU23,LMF2,Lipase maturation factor 2,lipase maturation factor,Membrane,,,0,,,True,"[S-farnesyl cysteine, S-geranylgeranyl cysteine]",internal
Q9BUB7,TMM70,"Transmembrane protein 70, mitochondrial",TMEM70,Membrane,,,0,,,True,S-geranylgeranyl cysteine,internal
Q9BUT9,MCRI2,MAPK regulated corepressor interacting protein 2,MCRIP,"['Nucleus', 'Stress granule']",,,0,,,True,S-farnesyl cysteine,CX
Q9BV40,VAMP8,Vesicle-associated membrane protein 8,synaptobrevin,Membrane,(Microbial infection) N6-stearoyl lysine,K,-3,ECO_0000269,doi:10.1038/s41564-018-0215-6,True,"[S-farnesyl cysteine, S-geranylgeranyl cysteine]",internal
Q9BVC4,LST8,Target of rapamycin complex subunit LST8,WD repeat LST8,Cytoplasm,,,0,,,True,S-farnesyl cysteine,internal
Q9BVK2,ALG8,"Probable dolichyl pyrophosphate Glc1Man9GlcNAc2 alpha-1,3-glucosyltransferase",ALG6/ALG8 glucosyltransferase,Membrane,,,0,,,True,S-farnesyl cysteine,internal
Q9BVK8,TM147,BOS complex subunit TMEM147,TMEM147,Membrane,,,0,,,True,"[S-farnesyl cysteine, S-geranylgeranyl cysteine]",internal
Q9BVT8,TMUB1,Transmembrane and ubiquitin-like domain-containing protein 1,TMUB1,Membrane,,,0,,,True,S-geranylgeranyl cysteine,internal
Q9BW60,ELOV1,Elongation of very long chain fatty acids protein 1,ELO,Membrane,,,0,,,True,"[S-farnesyl cysteine, S-geranylgeranyl cysteine]",internal
Q9BWH6,RPAP1,RNA polymerase II-associated protein 1,RPAP1,Nucleus,,,0,,,True,"[S-farnesyl cysteine, S-geranylgeranyl cysteine]",internal
Q9BXB4,OSB11,Oxysterol-binding protein-related protein 11,OSBP,Membrane,,,0,,,True,S-farnesyl cysteine,internal
Q9BZE1,RM37,Large ribosomal subunit protein mL37,mitochondrion-specific ribosomal protein mL37,Mitochondrion,,,0,,,True,"[S-farnesyl cysteine, S-geranylgeranyl cysteine]",internal
Q9BZK7,TBL1R,F-box-like/WD repeat-containing protein TBL1XR1,WD repeat EBI,Nucleus,,,0,,,True,"[S-farnesyl cysteine, S-geranylgeranyl cysteine]",internal
Q9C0B5,ZDHC5,Palmitoyltransferase ZDHHC5,DHHC palmitoyltransferase,Membrane,,,0,,,True,S-geranylgeranyl cysteine,internal
Q9C0C9,UBE2O,(E3-independent) E2 ubiquitin-conjugating enzyme,ubiquitin-conjugating enzyme,"['Nucleus', 'Cytoplasm']",,,0,,,True,S-farnesyl cysteine,CXXXX
Q9C0D9,EPT1,Ethanolaminephosphotransferase 1,CDP-alcohol phosphatidyltransferase class-I,Membrane,,,0,,,True,S-geranylgeranyl cysteine,internal
Q9C0E8,LNP,Endoplasmic reticulum junction formation protein lunapark,lunapark,Membrane,N-myristoyl glycine,G,-4,ECO_0000269,"['doi:10.1002/pmic.200900783', 'doi:10.1371/journal.pone.0078235']",True,S-geranylgeranyl cysteine,internal
Q9GZM5,YIPF3,Protein YIPF3,YIP1,Membrane,,,0,,,True,S-geranylgeranyl cysteine,internal
Q9H0R3,TM222,Transmembrane protein 222,TM222,Membrane,,,0,,,True,"[S-farnesyl cysteine, S-geranylgeranyl cysteine]",internal
Q9H0U3,MAGT1,Magnesium transporter protein 1,OST3/OST6,Membrane,,,0,,,True,S-geranylgeranyl cysteine,internal
Q9H2M9,RBGPR,Rab3 GTPase-activating protein non-catalytic subunit,Rab3-GAP regulatory subunit,"['Endoplasmic reticulum', 'Cytoplasm']",,,0,,,True,"[S-farnesyl cysteine, S-geranylgeranyl cysteine]",internal
Q9H330,TM245,Transmembrane protein 245,autoinducer-2 exporter (AI-2E) (TC 2.A.86),Membrane,,,0,,,True,"[S-farnesyl cysteine, S-geranylgeranyl cysteine]",internal
Q9H3E2,SNX25,Sorting nexin-25,sorting nexin,Membrane,,,0,,,True,"[S-farnesyl cysteine, S-geranylgeranyl cysteine]",internal
Q9H3H5,GPT,UDP-N-acetylglucosamine--dolichyl-phosphate N-acetylglucosaminephosphotransferase,glycosyltransferase 4,Membrane,,,0,,,True,"[S-farnesyl cysteine, S-geranylgeranyl cysteine]",internal
Q9H3K2,GHITM,Growth hormone-inducible transmembrane protein,BI1,Membrane,,,0,,,True,"[S-farnesyl cysteine, S-geranylgeranyl cysteine]",internal
Q9H3N1,TMX1,Thioredoxin-related transmembrane protein 1,TMX1,Membrane,,,0,,,True,"[S-farnesyl cysteine, S-geranylgeranyl cysteine]",internal
Q9H3Z4,DNJC5,DnaJ homolog subfamily C member 5,DNJC5,Membrane,,,0,,,True,"[S-farnesyl cysteine, S-geranylgeranyl cysteine]",internal
Q9H490,PIGU,Phosphatidylinositol glycan anchor biosynthesis class U protein,PIGU,Membrane,,,0,,,True,S-geranylgeranyl cysteine,internal
Q9H6H4,REEP4,Receptor expression-enhancing protein 4,DP1,Membrane,,,0,,,True,S-farnesyl cysteine,internal
Q9H6R6,ZDHC6,Palmitoyltransferase ZDHHC6,DHHC palmitoyltransferase,Membrane,S-palmitoyl cysteine,C,"[-8, -7]",ECO_0000269,doi:10.7554/elife.27826,True,S-geranylgeranyl cysteine,internal
Q9H6U8,ALG9,"Alpha-1,2-mannosyltransferase ALG9",glycosyltransferase 22,Membrane,,,0,,,True,S-geranylgeranyl cysteine,internal
Q9H7Z3,NRDE2,Nuclear exosome regulator NRDE2,NRDE2,"['Nucleus', 'Nucleolus', 'Nucleoplasm', 'Nucleus speckle']",,,0,,,True,S-farnesyl cysteine,internal
Q9H7Z7,PGES2,Prostaglandin E synthase 2,GST superfamily.,Membrane,,,0,,,True,S-farnesyl cysteine,internal
Q9H8Y5,ANKZ1,tRNA endonuclease ANKZF1,ANKZF1/VMS1,Cytoplasm,,,0,,,True,"[S-farnesyl cysteine, S-geranylgeranyl cysteine]",internal
Q9H900,ZWILC,Protein zwilch homolog,ZWILCH,Kinetochore,,,0,,,True,S-farnesyl cysteine,internal
Q9H936,GHC1,Mitochondrial glutamate carrier 1,mitochondrial carrier (TC 2.A.29),Membrane,,,0,,,True,"[S-farnesyl cysteine, S-geranylgeranyl cysteine]",internal
Q9H9B4,SFXN1,Sideroflexin-1,sideroflexin,Membrane,,,0,,,True,S-farnesyl cysteine,internal
Q9H9S4,CB39L,Calcium-binding protein 39-like,Mo25,,,,0,,,True,S-geranylgeranyl cysteine,internal
Q9HA64,KT3K,Ketosamine-3-kinase,fructosamine kinase,,,,0,,,True,S-farnesyl cysteine,internal
Q9HC07,TM165,Transmembrane protein 165,GDT1,Membrane,,,0,,,True,S-farnesyl cysteine,internal
Q9HC21,TPC,Mitochondrial thiamine pyrophosphate carrier,mitochondrial carrier (TC 2.A.29),Membrane,,,0,,,True,"[S-farnesyl cysteine, S-geranylgeranyl cysteine]",internal
Q9HCE3,ZN532,Zinc finger protein 532,krueppel C2H2-type zinc-finger protein,Nucleus,,,0,,,True,S-farnesyl cysteine,internal
Q9NP58,ABCB6,ATP-binding cassette sub-family B member 6,ABCB,Membrane,,,0,,,True,S-geranylgeranyl cysteine,internal
Q9NPF2,CHSTB,Carbohydrate sulfotransferase 11,sulfotransferase 2,Membrane,,,0,,,True,S-geranylgeranyl cysteine,internal
Q9NPR9,GP108,Protein GPR108,LU7TM,Membrane,,,0,,,True,S-geranylgeranyl cysteine,internal
Q9NQ55,SSF1,Suppressor of SWI4 1 homolog,SSF1,Nucleolus,,,0,,,True,S-farnesyl cysteine,CXXX
Q9NQC3,RTN4,Reticulon-4,RTN4,Membrane,,,0,,,True,"[S-farnesyl cysteine, S-geranylgeranyl cysteine]",internal
Q9NRX5,SERC1,Serine incorporator 1,TDE1,Membrane,N-myristoyl glycine,G,-4,ECO_0000269,"['doi:10.1002/pmic.200900783', 'doi:10.1371/journal.pone.0078235']",True,S-farnesyl cysteine,internal
Q9NRY6,PLS3,Phospholipid scramblase 3,phospholipid scramblase,Membrane,S-palmitoyl cysteine,C,-1,ECO_0000250,,True,S-farnesyl cysteine,internal
Q9NRZ7,PLCC,1-acyl-sn-glycerol-3-phosphate acyltransferase gamma,1-acyl-sn-glycerol-3-phosphate acyltransferase,Membrane,,,0,,,True,S-geranylgeranyl cysteine,internal
Q9NTJ5,SAC1,Phosphatidylinositol-3-phosphatase SAC1,SAC1,Membrane,,,0,,,True,S-geranylgeranyl cysteine,internal
Q9NUJ1,ABHDA,"Palmitoyl-protein thioesterase ABHD10, mitochondrial",AB hydrolase superfamily.,Mitochondrion,,,0,,,True,S-farnesyl cysteine,internal
Q9NUN5,LMBD1,Lysosomal cobalamin transport escort protein LMBD1,LIMR,Membrane,,,0,,,True,S-geranylgeranyl cysteine,internal
Q9NV92,NFIP2,NEDD4 family-interacting protein 2,NFIP2,Membrane,,,0,,,True,S-geranylgeranyl cysteine,internal
Q9NVA4,T184C,Transmembrane protein 184C,TMEM184,Membrane,,,0,,,True,S-geranylgeranyl cysteine,internal
Q9NVH1,DJC11,DnaJ homolog subfamily C member 11,DNAJC11,Membrane,,,0,,,True,"[S-farnesyl cysteine, S-geranylgeranyl cysteine]",internal
Q9NVI7,ATD3A,ATPase family AAA domain-containing protein 3A,AAA ATPase,Membrane,,,0,,,True,"[S-farnesyl cysteine, S-geranylgeranyl cysteine]",internal
Q9NX40,OCAD1,OCIA domain-containing protein 1,OCIAD1,Endosome,,,0,,,True,S-farnesyl cysteine,internal
Q9NX46,ADPRS,ADP-ribosylhydrolase ARH3,ADP-ribosylglycohydrolase,"['Mitochondrion matrix', 'Cytoplasm', 'Nucleus', 'Chromosome']",,,0,,,True,S-geranylgeranyl cysteine,internal
Q9NX76,CKLF6,CKLF-like MARVEL transmembrane domain-containing protein 6,chemokine-like factor,Membrane,,,0,,,True,S-geranylgeranyl cysteine,internal
Q9NY35,CLDN1,Claudin domain-containing protein 1,PMP-22/EMP/MP20,Membrane,,,0,,,True,"[S-farnesyl cysteine, S-geranylgeranyl cysteine]",internal
Q9NYG2,ZDHC3,Palmitoyltransferase ZDHHC3,DHHC palmitoyltransferase,Membrane,S-palmitoyl cysteine,C,-1,ECO_0000250,,True,"[S-farnesyl cysteine, S-geranylgeranyl cysteine]",internal
Q9NZ01,TECR,Very-long-chain enoyl-CoA reductase,steroid 5-alpha reductase,Membrane,,,0,,,True,"[S-farnesyl cysteine, S-geranylgeranyl cysteine]",internal
Q9NZC3,GDE1,Glycerophosphodiester phosphodiesterase 1,glycerophosphoryl diester phosphodiesterase,Membrane,,,0,,,True,S-geranylgeranyl cysteine,CXXXX
Q9NZJ7,MTCH1,Mitochondrial carrier homolog 1,mitochondrial carrier (TC 2.A.29),Membrane,,,0,,,True,"[S-farnesyl cysteine, S-geranylgeranyl cysteine]",CXXXX
Q9P2R7,SUCB1,"Succinate--CoA ligase [ADP-forming] subunit beta, mitochondrial",succinate/malate CoA ligase beta subunit,Mitochondrion,,,0,,,True,S-geranylgeranyl cysteine,internal
Q9P2W9,STX18,Syntaxin-18,syntaxin,Membrane,,,0,,,True,S-geranylgeranyl cysteine,internal
Q9P2X0,DPM3,Dolichol-phosphate mannosyltransferase subunit 3,DPM3,Membrane,,,0,,,True,S-farnesyl cysteine,internal
Q9UBB4,ATX10,Ataxin-10,ataxin-10,Perinuclear region,,,0,,,True,S-farnesyl cysteine,internal
Q9UBB6,NCDN,Neurochondrin,neurochondrin,Membrane,S-palmitoyl cysteine,C,-7,ECO_0000250,,True,S-geranylgeranyl cysteine,CXXXX
Q9UBI1,COMD3,COMM domain-containing protein 3,COMD3,"['Nucleus', 'Cytoplasm']",,,0,,,True,S-geranylgeranyl cysteine,internal
Q9UBM7,DHCR7,7-dehydrocholesterol reductase,ERG4/ERG24,Membrane,,,0,,,True,S-farnesyl cysteine,internal
Q9UBX3,DIC,Mitochondrial dicarboxylate carrier,mitochondrial carrier (TC 2.A.29),Membrane,,,0,,,True,"[S-farnesyl cysteine, S-geranylgeranyl cysteine]",internal
Q9UDW1,QCR9,Cytochrome b-c1 complex subunit 9,UQCR10/QCR9,Membrane,,,0,,,True,S-farnesyl cysteine,internal
Q9UEW8,STK39,STE20/SPS1-related proline-alanine-rich protein kinase,STE Ser/Thr protein kinase,"['Nucleus', 'Cytoplasm']",,,0,,,True,"[S-farnesyl cysteine, S-geranylgeranyl cysteine]",internal
Q9UG22,GIMA2,GTPase IMAP family member 2,AIG1/Toc34/Toc159-like paraseptin GTPase,Lipid droplet,,,0,,,True,S-farnesyl cysteine,internal
Q9UGP8,SEC63,Translocation protein SEC63 homolog,SEC63,Membrane,,,0,,,True,"[S-farnesyl cysteine, S-geranylgeranyl cysteine]",internal
Q9UHD2,TBK1,Serine/threonine-protein kinase TBK1,Ser/Thr protein kinase,Cytoplasm,,,0,,,True,S-farnesyl cysteine,CX
Q9UHG3,PCYOX,Prenylcysteine oxidase 1,prenylcysteine oxidase,Lysosome,,,0,,,True,S-geranylgeranyl cysteine,internal
Q9UHN6,CEIP2,Cell surface hyaluronidase,CEMIP,Membrane,,,0,,,True,S-farnesyl cysteine,internal
Q9UHQ4,BAP29,B-cell receptor-associated protein 29,BCAP29/BCAP31,Membrane,,,0,,,True,S-geranylgeranyl cysteine,internal
Q9UHW9,S12A6,Solute carrier family 12 member 6,SLC12A transporter,Membrane,,,0,,,True,S-geranylgeranyl cysteine,internal
Q9UHY1,NRBP,Nuclear receptor-binding protein,Ser/Thr protein kinase,Membrane,,,0,,,True,S-farnesyl cysteine,internal
Q9UI08,EVL,Ena/VASP-like protein,Ena/VASP,"['Lamellipodium', 'Stress fiber', 'Cytoskeleton']",,,0,,,True,S-farnesyl cysteine,internal
Q9UI14,PRAF1,Prenylated Rab acceptor protein 1,PRA1,Membrane,,,0,,,True,"[S-farnesyl cysteine, S-geranylgeranyl cysteine]",internal
Q9UI26,IPO11,Importin-11,importin beta,"['Nucleus', 'Cytoplasm']",,,0,,,True,S-farnesyl cysteine,internal
Q9UJ83,HACL1,2-hydroxyacyl-CoA lyase 1,TPP enzyme,Peroxisome,,,0,,,True,S-farnesyl cysteine,internal
Q9UJS0,S2513,"Electrogenic aspartate/glutamate antiporter SLC25A13, mitochondrial",mitochondrial carrier (TC 2.A.29),Membrane,,,0,,,True,S-farnesyl cysteine,internal
Q9UJX4,APC5,Anaphase-promoting complex subunit 5,APC5,"['Nucleus', 'Spindle']",,,0,,,True,S-geranylgeranyl cysteine,internal
Q9UKR5,ERG28,Ergosterol biosynthetic protein 28 homolog,ERG28,Membrane,,,0,,,True,S-geranylgeranyl cysteine,internal
Q9UKV5,AMFR,E3 ubiquitin-protein ligase AMFR,AMFR,Membrane,,,0,,,True,S-farnesyl cysteine,internal
Q9ULC5,ACSL5,Long-chain-fatty-acid--CoA ligase 5,ATP-dependent AMP-binding enzyme,Membrane,,,0,,,True,S-geranylgeranyl cysteine,internal
Q9UMX0,UBQL1,Ubiquilin-1,UBQL1,Membrane,,,0,,,True,S-farnesyl cysteine,internal
Q9UNK0,STX8,Syntaxin-8,syntaxin,Membrane,,,0,,,True,S-farnesyl cysteine,internal
Q9UNX4,WDR3,WD repeat-containing protein 3,WD repeat WDR3/UTP12,Nucleolus,,,0,,,True,S-farnesyl cysteine,internal
Q9UPU7,TBD2B,TBC1 domain family member 2B,TBD2B,Early endosome,,,0,,,True,S-farnesyl cysteine,internal
Q9Y277,VDAC3,Voltage-dependent anion-selective channel protein 3,eukaryotic mitochondrial porin,Membrane,,,0,,,True,S-farnesyl cysteine,internal
Q9Y294,ASF1A,Histone chaperone ASF1A,ASF1,"['Nucleus', 'Chromosome']",,,0,,,True,S-farnesyl cysteine,CX
Q9Y2G3,AT11B,Phospholipid-transporting ATPase IF,cation transport ATPase (P-type) (TC 3.A.3),Membrane,,,0,,,True,"[S-farnesyl cysteine, S-geranylgeranyl cysteine]",C
Q9Y2L5,TPPC8,Trafficking protein particle complex subunit 8,TRS85,cis-Golgi network,,,0,,,True,S-farnesyl cysteine,internal
Q9Y2S7,PDIP2,Polymerase delta-interacting protein 2,PDIP2,"['Mitochondrion matrix', 'Nucleus']",,,0,,,True,S-farnesyl cysteine,internal
Q9Y2U8,MAN1,Inner nuclear membrane protein Man1,MAN1,Membrane,,,0,,,True,"[S-farnesyl cysteine, S-geranylgeranyl cysteine]",internal
Q9Y2X0,MED16,Mediator of RNA polymerase II transcription subunit 16,Mediator complex subunit 16,Nucleus,,,0,,,True,S-farnesyl cysteine,internal
Q9Y3A6,TMED5,Transmembrane emp24 domain-containing protein 5,EMP24/GP25L,Membrane,,,0,,,True,S-geranylgeranyl cysteine,internal
Q9Y3B3,TMED7,Transmembrane emp24 domain-containing protein 7,EMP24/GP25L,Membrane,,,0,,,True,S-geranylgeranyl cysteine,internal
Q9Y3E5,PTH2,"Peptidyl-tRNA hydrolase 2, mitochondrial",PTH2,Membrane,,,0,,,True,"[S-farnesyl cysteine, S-geranylgeranyl cysteine]",internal
Q9Y3P8,SIT1,Signaling threshold-regulating transmembrane adapter 1,SIT1,Membrane,,,0,,,True,S-farnesyl cysteine,internal
Q9Y3P9,RBGP1,Rab GTPase-activating protein 1,RBGP1,"['Centrosome', 'Cytosol']",,,0,,,True,S-farnesyl cysteine,C
Q9Y3T9,NOC2L,Nucleolar complex protein 2 homolog,NOC2,"['Nucleolus', 'Nucleoplasm']",,,0,,,True,S-geranylgeranyl cysteine,internal
Q9Y487,VPP2,V-type proton ATPase 116 kDa subunit a 2,V-ATPase 116 kDa subunit,Membrane,,,0,,,True,S-geranylgeranyl cysteine,internal
Q9Y4A5,TRRAP,Transformation/transcription domain-associated protein,PI3/PI4-kinase,Nucleus,,,0,,,True,S-farnesyl cysteine,internal
Q9Y4H4,GPSM3,G-protein-signaling modulator 3,GPSM3,Cytoplasm,,,0,,,True,S-farnesyl cysteine,C
Q9Y5B9,SP16H,FACT complex subunit SPT16,peptidase M24,"['Nucleus', 'Chromosome']",,,0,,,True,"[S-farnesyl cysteine, S-geranylgeranyl cysteine]",internal
Q9Y5L0,TNPO3,Transportin-3,TNPO3,"['Nucleus envelope', 'Cytoplasm']",,,0,,,True,S-farnesyl cysteine,internal
Q9Y5M8,SRPRB,Signal recognition particle receptor subunit beta,SRP receptor beta subunit,Membrane,,,0,,,True,S-geranylgeranyl cysteine,internal
Q9Y5S1,TRPV2,Transient receptor potential cation channel subfamily V member 2,transient receptor (TC 1.A.4),Membrane,,,0,,,True,"[S-farnesyl cysteine, S-geranylgeranyl cysteine]",internal
Q9Y5V3,MAGD1,Melanoma-associated antigen D1,MAGD1,Membrane,,,0,,,True,S-farnesyl cysteine,internal
Q9Y624,JAM1,Junctional adhesion molecule A,immunoglobulin superfamily.,Membrane,,,0,,,True,"[S-farnesyl cysteine, S-geranylgeranyl cysteine]",internal
Q9Y673,ALG5,Dolichyl-phosphate beta-glucosyltransferase,glycosyltransferase 2,Membrane,,,0,,,True,S-farnesyl cysteine,internal
Q9Y679,AUP1,Lipid droplet-regulating VLDL assembly factor AUP1,AUP1,Membrane,,,0,,,True,S-geranylgeranyl cysteine,internal
Q9Y6A9,SPCS1,Signal peptidase complex subunit 1,SPCS1,Membrane,,,0,,,True,S-geranylgeranyl cysteine,internal
Q9Y6C9,MTCH2,Mitochondrial carrier homolog 2,mitochondrial carrier (TC 2.A.29),Membrane,,,0,,,True,S-farnesyl cysteine,internal
Q9Y6M5,ZNT1,Proton-coupled zinc antiporter SLC30A1,cation diffusion facilitator (CDF) transporter (TC 2.A.4),Membrane,,,0,,,True,S-farnesyl cysteine,internal
Q9Y6N5,SQOR,"Sulfide:quinone oxidoreductase, mitochondrial",SQRD,Mitochondrion,,,0,,,True,S-farnesyl cysteine,internal
Q9Y6W8,ICOS,Inducible T-cell costimulator,ICOS,Membrane,,,0,,,True,"[S-farnesyl cysteine, S-geranylgeranyl cysteine]",internal
Q9Y6X5,ENPP4,Bis(5'-adenosyl)-triphosphatase ENPP4,nucleotide pyrophosphatase/phosphodiesterase,Membrane,,,0,,,True,S-farnesyl cysteine,internal
