ID,name,fullName,substrate,location,moiety,AminoAcid,position,evidenceCode,publication,ProteinEntryReviewed,motif,pep,Exp_moiety
A4D1S5,RAB19,Ras-related protein Rab-19,Rab,Membrane,S-geranylgeranyl cysteine,C,"[-3, -1]",ECO_0000250,,True,CXC,GPSEKTHCTC,S-geranylgeranyl cysteine
O14610,GBGT2,Guanine nucleotide-binding protein G(I)/G(S)/G(O) subunit gamma-T2,G protein gamma,Membrane,S-farnesyl cysteine,C,-4,ECO_0000250,,True,CAAX,FKEKGGCLIS,S-farnesyl cysteine
O15498,YKT6,Synaptobrevin homolog YKT6,synaptobrevin,Membrane,"[S-farnesyl cysteine, S-geranylgeranyl cysteine]",C,-4,"['ECO_0000269', 'extended_search']","['doi.org/10.15252/embj.2019104120', 'doi:10.1073/pnas.0401183101']",True,CAAX,RKQNSCCAIM,"[S-farnesyl cysteine, S-geranylgeranyl cysteine]"
O60884,DNJA2,DnaJ homolog subfamily A member 2,DNJA2,Membrane,S-farnesyl cysteine,C,-4,ECO_0000269,doi:10.1073/pnas.0403413101,True,CXXX,HGPGVQCAHQ,S-farnesyl cysteine
O95164,UBL3,Ubiquitin-like protein 3,UBL3,Membrane,S-geranylgeranyl cysteine,C,-4,ECO_0000305,doi:10.1074/jbc.m602283200,True,CAAX,TGESNCCVIL,S-farnesyl cysteine
O95716,RAB3D,Ras-related protein Rab-3D,Rab,Membrane,S-geranylgeranyl cysteine,C,"[-3, -1]",ECO_0000250,,True,CXC,PAPQPSSCSC,S-geranylgeranyl cysteine
P01111,RASN,GTPase NRas,Ras,Membrane,S-farnesyl cysteine,C,-4,ECO_0000269,doi:10.1016/0092-8674(89)90054-8,True,CAAX,GCMGLPCVVM,S-farnesyl cysteine
P01112,RASH,GTPase HRas,Ras,Membrane,S-farnesyl cysteine,C,-4,ECO_0000269,doi:10.1074/jbc.271.19.11541,True,CAAX,GCMSCKCVLS,S-farnesyl cysteine
P01116,RASK,GTPase KRas,Ras,Membrane,S-farnesyl cysteine,C,-4,"['ECO_0000269', 'ECO_0000305', 'ECO_0007744']","['doi:10.1074/jbc.m113.527192', 'doi:10.1073/pnas.1615316113']",True,CAAX,CVKIKKCIIM,S-farnesyl cysteine
P04899,GNAI2,Guanine nucleotide-binding protein G(i) subunit alpha-2,G-alpha,Membrane,S-farnesyl cysteine,C,-4,extended_search,doi:10.1039/c3mb70593e,True,CAAX,KNNLKDCGLF,S-geranylgeranyl cysteine
P08134,RHOC,Rho-related GTP-binding protein RhoC,Rho,Membrane,S-geranylgeranyl cysteine,C,-4,ECO_0000250,,True,CXXX,NKRRRGCPIL,"[S-farnesyl cysteine, S-geranylgeranyl cysteine]"
P09543,CN37,"2',3'-cyclic-nucleotide 3'-phosphodiesterase",CNPase,Membrane,S-farnesyl cysteine,C,-4,ECO_0000250,,True,CXXX,GGALQSCTII,"[S-farnesyl cysteine, S-geranylgeranyl cysteine]"
P10114,RAP2A,Ras-related protein Rap-2a,Ras,Membrane,S-farnesyl cysteine,C,-4,ECO_0000269,doi:10.1042/bj2890349,True,CXXX,DPCCSACNIQ,S-farnesyl cysteine
P11233,RALA,Ras-related protein Ral-A,Ras,Membrane,S-geranylgeranyl cysteine,C,-4,ECO_0000269,"['doi:10.1016/s0021-9258(18)92889-9', 'doi:10.1128/mcb.00057-07']",True,CXXX,KRIRERCCIL,"[S-farnesyl cysteine, S-geranylgeranyl cysteine]"
P11234,RALB,Ras-related protein Ral-B,Ras,Membrane,S-geranylgeranyl cysteine,C,-4,ECO_0000269,doi:10.1128/mcb.00057-07,True,CXXX,KSFKERCCLL,"[S-farnesyl cysteine, S-geranylgeranyl cysteine]"
P15153,RAC2,Ras-related C3 botulinum toxin substrate 2,Rho,Cytoplasm,S-geranylgeranyl cysteine,C,-4,ECO_0000269,doi:10.1016/s0021-9258(18)92889-9,True,CXXX,RQQKRACSLL,"[S-farnesyl cysteine, S-geranylgeranyl cysteine]"
P20340,RAB6A,Ras-related protein Rab-6A,Rab,Membrane,S-geranylgeranyl cysteine,C,"[-3, -1]",ECO_0000250,,True,CXC,QPVSEGGCSC,S-farnesyl cysteine
P20700,LMNB1,Lamin-B1,intermediate filament,Nucleus lamina,S-farnesyl cysteine,C,-4,ECO_0000269,doi:10.1016/s0021-9258(19)47079-8,True,CAAX,RASNRSCAIM,S-farnesyl cysteine
P31689,DNJA1,DnaJ homolog subfamily A member 1,DNJA1,Membrane,S-farnesyl cysteine,C,-4,ECO_0000269,"['doi:10.1093/oxfordjournals.jbchem.a021670', 'doi:10.1038/sj.cdd.4401369']",True,CXXX,PRGGVQCQTS,S-farnesyl cysteine
P32455,GBP1,Guanylate-binding protein 1,GB1/RHD3 GTPase,Membrane,S-farnesyl cysteine,C,-4,ECO_0000269,doi:10.1002/jlb.60.3.423,True,CXXX,MRRRKACTIS,S-farnesyl cysteine
P32456,GBP2,Guanylate-binding protein 2,GB1/RHD3 GTPase,Membrane,S-geranylgeranyl cysteine,C,-4,ECO_0000269,doi:10.1371/journal.pone.0014246,True,CXXX,KSLEPICNIL,"[S-farnesyl cysteine, S-geranylgeranyl cysteine]"
P40855,PEX19,Peroxisomal biogenesis factor 19,peroxin-19,Membrane,S-farnesyl cysteine,C,-4,ECO_0000269,"['doi:10.1006/geno.1997.4914', 'doi:10.1073/pnas.96.5.2116']",True,CAAX,GASGEQCLIM,S-farnesyl cysteine
P49454,CENPF,Centromere protein F,centromere protein F,"['Kinetochore', 'Perinuclear region', 'Nucleus matrix', 'Spindle']",S-farnesyl cysteine,C,-4,ECO_0000269,doi:10.1074/jbc.m003469200,True,CXXX,SNGSENCKVQ,S-farnesyl cysteine
P50151,GBG10,Guanine nucleotide-binding protein G(I)/G(S)/G(O) subunit gamma-10,G protein gamma,Membrane,S-geranylgeranyl cysteine,C,-4,ECO_0000269,doi:10.1074/jbc.270.37.21765,True,CAAX,FREPRSCALL,S-farnesyl cysteine
P51149,RAB7A,Ras-related protein Rab-7a,Rab,Membrane,S-geranylgeranyl cysteine,C,"[-3, -1]",ECO_0000250,,True,CXC,AKASAESCSC,S-geranylgeranyl cysteine
P51151,RAB9A,Ras-related protein Rab-9A,Rab,Membrane,S-geranylgeranyl cysteine,C,"[-2, -1]",ECO_0000250,,True,CC,RKPKPSSSCC,S-geranylgeranyl cysteine
P51157,RAB28,Ras-related protein Rab-28,Rab,Membrane,S-farnesyl cysteine,C,-4,ECO_0000269,doi:10.1371/journal.pcbi.0030066,True,CAAX,PPRSSMCAVQ,S-farnesyl cysteine
P51159,RB27A,Ras-related protein Rab-27A,Rab,Membrane,S-geranylgeranyl cysteine,C,"[-3, -1]",ECO_0000250,,True,CXC,EEKEKGACGC,"[S-farnesyl cysteine, S-geranylgeranyl cysteine]"
P55209,NP1L1,Nucleosome assembly protein 1-like 1,nucleosome assembly protein (NAP),"['Melanosome', 'Nucleus', 'Cytoplasm']",S-farnesyl cysteine,C,-4,ECO_0000269,doi:10.1073/pnas.0403413101,True,CXXX,DQNPAECKQQ,S-farnesyl cysteine
P59768,GBG2,Guanine nucleotide-binding protein G(I)/G(S)/G(O) subunit gamma-2,G protein gamma,Membrane,S-geranylgeranyl cysteine,C,-4,ECO_0000250,,True,CAAX,REKKFFCAIL,"[S-farnesyl cysteine, S-geranylgeranyl cysteine]"
P60953,CDC42,Cell division control protein 42 homolog,Rho,Membrane,S-geranylgeranyl cysteine,C,-4,"['ECO_0000269', 'ECO_0007744']",['doi:10.1016/s0092-8674(00)80670-4'],True,CAAX,PKKSRRCVLL,"[S-farnesyl cysteine, S-geranylgeranyl cysteine]"
P61006,RAB8A,Ras-related protein Rab-8A,Rab,Membrane,S-geranylgeranyl cysteine,C,-4,ECO_0000269,doi:10.1016/0014-5793(93)80897-4,True,CAAX,RSSFFRCVLL,"[S-farnesyl cysteine, S-geranylgeranyl cysteine]"
P61018,RAB4B,Ras-related protein Rab-4B,Rab,Membrane,S-geranylgeranyl cysteine,C,"[-3, -1]",ECO_0000250,,True,CXC,QAVAPQPCGC,S-geranylgeranyl cysteine
P61019,RAB2A,Ras-related protein Rab-2A,Rab,Membrane,S-geranylgeranyl cysteine,C,"[-2, -1]",ECO_0000269,doi:10.1073/pnas.88.14.6264,True,CC,GGQQAGGGCC,S-geranylgeranyl cysteine
P61026,RAB10,Ras-related protein Rab-10,Rab,Membrane,S-geranylgeranyl cysteine,C,"[-2, -1]",ECO_0000250,,True,CC,GVTGWKSKCC,"[S-farnesyl cysteine, S-geranylgeranyl cysteine]"
P61106,RAB14,Ras-related protein Rab-14,Rab,Membrane,S-geranylgeranyl cysteine,C,"[-3, -1]",ECO_0000250,,True,CXC,PQPQREGCGC,S-geranylgeranyl cysteine
P61224,RAP1B,Ras-related protein Rap-1b,Ras,Membrane,S-geranylgeranyl cysteine,C,-4,ECO_0000269,doi:10.1073/pnas.87.22.8960,True,CXXX,ARKKSSCQLL,"[S-farnesyl cysteine, S-geranylgeranyl cysteine]"
P61225,RAP2B,Ras-related protein Rap-2b,Ras,Membrane,S-geranylgeranyl cysteine,C,-4,ECO_0000269,doi:10.1042/bj2890349,True,CAAX,EGCCSACVIL,"[S-farnesyl cysteine, S-geranylgeranyl cysteine]"
P61586,RHOA,Transforming protein RhoA,Rho,Membrane,S-geranylgeranyl cysteine,C,-4,ECO_0000250,,True,CAAX,GKKKSGCLVL,"[S-farnesyl cysteine, S-geranylgeranyl cysteine]"
P62070,RRAS2,Ras-related protein R-Ras2,Ras,Membrane,S-farnesyl cysteine,C,-4,ECO_0000269,doi:10.1073/pnas.0403413101,True,CAAX,DKKGCHCVIF,S-farnesyl cysteine
P62491,RB11A,Ras-related protein Rab-11A,Rab,Membrane,S-geranylgeranyl cysteine,C,"[-5, -4]",ECO_0000269,doi:10.1074/mcp.m113.030114,True,CXXX,KPKVQCCQNI,S-geranylgeranyl cysteine
P62745,RHOB,Rho-related GTP-binding protein RhoB,Rho,Membrane,"[S-farnesyl cysteine, S-geranylgeranyl cysteine]",C,-4,ECO_0000269,"['doi:10.1074/jbc.270.14.7864', 'doi:10.1016/s0021-9258(19)88661-1']",True,CXXX,NGCINCCKVL,S-farnesyl cysteine
P63000,RAC1,Ras-related C3 botulinum toxin substrate 1,Rho,Membrane,S-geranylgeranyl cysteine,C,-4,ECO_0000269,doi:10.1016/s0021-9258(18)92889-9,True,CAAX,KKRKRKCLLL,"[S-farnesyl cysteine, S-geranylgeranyl cysteine]"
P63218,GBG5,Guanine nucleotide-binding protein G(I)/G(S)/G(O) subunit gamma-5,G protein gamma,Membrane,S-geranylgeranyl cysteine,C,-4,ECO_0000250,,True,CXXX,FRPQKVCSFL,"[S-farnesyl cysteine, S-geranylgeranyl cysteine]"
P84095,RHOG,Rho-related GTP-binding protein RhoG,Rho,Membrane,S-geranylgeranyl cysteine,C,-4,ECO_0000250,,True,CAAX,IKRGRSCILL,"[S-farnesyl cysteine, S-geranylgeranyl cysteine]"
Q03252,LMNB2,Lamin-B2,intermediate filament,Nucleus lamina,S-farnesyl cysteine,C,-4,ECO_0000250,,True,CXXX,RTTSRGCYVM,S-farnesyl cysteine
Q12974,TP4A2,Protein tyrosine phosphatase type IVA 2,protein-tyrosine phosphatase,Membrane,S-farnesyl cysteine,C,-4,ECO_0000269,"['doi:10.1016/s0304-3835(96)04459-x', 'doi:10.1074/jbc.m010400200']",True,CXXX,RDTNGHCCVQ,S-farnesyl cysteine
Q14088,RB33A,Ras-related protein Rab-33A,Rab,Membrane,S-geranylgeranyl cysteine,C,"[-3, -1]",ECO_0000250,,True,CXC,EANSKTSCPC,"[S-farnesyl cysteine, S-geranylgeranyl cysteine]"
Q14642,I5P1,Inositol polyphosphate-5-phosphatase A,"inositol 1,4,5-trisphosphate 5-phosphatase type I",Membrane,S-farnesyl cysteine,C,-4,ECO_0000269,doi:10.1074/jbc.271.17.10419,True,CAAX,AHVHKCCVVQ,S-farnesyl cysteine
Q15382,RHEB,GTP-binding protein Rheb,Rheb,Membrane,S-farnesyl cysteine,C,-4,"['ECO_0000269', 'ECO_0007744']","['doi:10.1038/nchembio.686', 'doi:10.1073/pnas.0403413101']",True,CXXX,SQGKSSCSVM,S-farnesyl cysteine
Q15669,RHOH,Rho-related GTP-binding protein RhoH,Rho,Membrane,S-geranylgeranyl cysteine,C,-4,ECO_0000250,,True,CXXX,LFSINECKIF,S-farnesyl cysteine
Q15831,STK11,Serine/threonine-protein kinase STK11,CAMK Ser/Thr protein kinase,Membrane,S-farnesyl cysteine,C,-4,ECO_0000250,,True,CXXX,IRRLSACKQQ,S-farnesyl cysteine
Q32MZ4,LRRF1,Leucine-rich repeat flightless-interacting protein 1,LRRFIP,"['Nucleus', 'Cytoplasm']",S-farnesyl cysteine,C,-4,extended_search,doi:10.1038/s41557-019-0237-6,True,CXXX,GKSKEDCTMS,S-farnesyl cysteine
Q5TAQ9,DCAF8,DDB1- and CUL4-associated factor 8,WD repeat DCAF8,"['Nucleus', 'Cytoplasm']",S-farnesyl cysteine,C,-4,extended_search,doi:10.1038/s41557-019-0237-6,True,CXXX,GPDRVQCMPS,S-farnesyl cysteine
Q5VW32,BROX,BRO1 domain-containing protein BROX,BROX,Membrane,S-farnesyl cysteine,C,-4,ECO_0000269,"['doi:10.1371/journal.pcbi.0030066', 'doi:10.1111/j.1742-4658.2007.06230.x']",True,CXXX,PQKDTGCYIS,S-farnesyl cysteine
Q6P2H3,CEP85,Centrosomal protein of 85 kDa,CEP85,"['Spindle pole', 'Cell cortex', 'Centriole', 'Centrosome', 'Nucleolus']",S-farnesyl cysteine,C,-4,extended_search,doi:10.1038/s41557-019-0237-6,True,CXXX,QDMGENCVTQ,S-farnesyl cysteine
Q6PHR2,ULK3,Serine/threonine-protein kinase ULK3,Ser/Thr protein kinase,Cytoplasm,S-farnesyl cysteine,C,-4,extended_search,doi:10.1038/s41557-019-0237-6,True,CXXX,ESVRSSCTLQ,S-farnesyl cysteine
Q86YS6,RAB43,Ras-related protein Rab-43,Rab,Membrane,S-geranylgeranyl cysteine,C,"[-3, -1]",ECO_0000250,,True,CXC,DIGEGWGCGC,"[S-farnesyl cysteine, S-geranylgeranyl cysteine]"
Q8WUD1,RAB2B,Ras-related protein Rab-2B,Rab,Membrane,S-geranylgeranyl cysteine,C,"[-2, -1]",ECO_0000250,,True,CC,RDIGSNSGCC,S-geranylgeranyl cysteine
Q8WV99,ZFN2B,AN1-type zinc finger protein 2B,ZFN2B,Membrane,S-geranylgeranyl cysteine,C,-4,ECO_0000250,,True,CXXX,SSKPSNCSLC,S-farnesyl cysteine
Q8WW22,DNJA4,DnaJ homolog subfamily A member 4,DNJA4,Membrane,S-farnesyl cysteine,C,-4,ECO_0000250,,True,CXXX,PQAGVQCQTA,S-farnesyl cysteine
Q92930,RAB8B,Ras-related protein Rab-8B,Rab,Membrane,S-geranylgeranyl cysteine,C,-4,ECO_0000250,,True,CXXX,KTSFFRCSLL,"[S-farnesyl cysteine, S-geranylgeranyl cysteine]"
Q93096,TP4A1,Protein tyrosine phosphatase type IVA 1,protein-tyrosine phosphatase,Membrane,S-farnesyl cysteine,C,-4,ECO_0000269,doi:10.1016/s0304-3835(96)04459-x,True,CXXX,NGHRNNCCIQ,S-farnesyl cysteine
Q93100,KPBB,Phosphorylase b kinase regulatory subunit beta,phosphorylase b kinase regulatory chain,Membrane,S-farnesyl cysteine,C,-4,ECO_0000250,,True,CAAX,PNNDDPCLIS,S-farnesyl cysteine
Q969Q5,RAB24,Ras-related protein Rab-24,Rab,Membrane,S-geranylgeranyl cysteine,C,"[-4, -3]",ECO_0000250,,True,CXXX,NPYFYSCCHH,S-geranylgeranyl cysteine
Q96PP8,GBP5,Guanylate-binding protein 5,GB1/RHD3 GTPase,Membrane,S-geranylgeranyl cysteine,C,-4,ECO_0000269,doi:10.1371/journal.pone.0014246,True,CAAX,VNNDDPCVLL,"[S-farnesyl cysteine, S-geranylgeranyl cysteine]"
Q96S21,RB40C,Ras-related protein Rab-40C,Rab,Membrane,S-geranylgeranyl cysteine,C,-4,ECO_0000250,,True,CXXX,NCSRSNCKIS,S-farnesyl cysteine
Q96T49,PP16B,Protein phosphatase 1 regulatory inhibitor subunit 16B,PP16B,Membrane,S-farnesyl cysteine,C,-4,ECO_0000250,,True,CXXX,EKVHGCCRIS,S-farnesyl cysteine
Q99733,NP1L4,Nucleosome assembly protein 1-like 4,nucleosome assembly protein (NAP),"['Nucleus', 'Cytoplasm']",S-farnesyl cysteine,C,-4,extended_search,doi:10.1038/s41557-019-0237-6,True,CXXX,PSQPAECKQQ,S-farnesyl cysteine
Q9BRT3,MIEN1,Migration and invasion enhancer 1,SelWTH,Membrane,S-geranylgeranyl cysteine,C,-4,ECO_0000269,"['doi:10.1074/jbc.m111.254599', 'doi:10.1038/onc.2009.145']",True,CAAX,TNSRPPCVIL,S-farnesyl cysteine
Q9BVM2,DPCD,Protein DPCD,DPCD,,S-farnesyl cysteine,C,-4,extended_search,doi:10.1038/s41557-019-0237-6,True,CXXX,HSNDGDCKTQ,S-farnesyl cysteine
Q9BZG1,RAB34,Ras-related protein Rab-34,Rab,Membrane,S-geranylgeranyl cysteine,C,"[-3, -2]",ECO_0000255,,True,CCX,ASKKKPTCCP,S-geranylgeranyl cysteine
Q9H082,RB33B,Ras-related protein Rab-33B,Rab,Membrane,S-geranylgeranyl cysteine,C,"[-3, -1]",ECO_0000250,,True,CXC,EPKPAMTCWC,S-geranylgeranyl cysteine
Q9H0U4,RAB1B,Ras-related protein Rab-1B,Rab,Membrane,S-geranylgeranyl cysteine,C,"[-2, -1]",ECO_0000269,doi:10.1042/bj3181007,True,CC,PVKPAGGGCC,"[S-farnesyl cysteine, S-geranylgeranyl cysteine]"
Q9NP72,RAB18,Ras-related protein Rab-18,Rab,Membrane,S-geranylgeranyl cysteine,C,-4,ECO_0000250,,True,CXXX,GACGGYCSVL,S-geranylgeranyl cysteine
Q9UK08,GBG8,Guanine nucleotide-binding protein G(I)/G(S)/G(O) subunit gamma-8,G protein gamma,Membrane,S-geranylgeranyl cysteine,C,-4,ECO_0000250,,True,CAAX,RDKRLFCVLL,S-farnesyl cysteine
Q9UL25,RAB21,Ras-related protein Rab-21,Rab,Membrane,S-geranylgeranyl cysteine,C,"[-5, -4]",ECO_0000250,,True,CXXX,TSGGGCCSSG,S-geranylgeranyl cysteine
Q9Y3L5,RAP2C,Ras-related protein Rap-2c,Ras,Membrane,S-geranylgeranyl cysteine,C,-4,ECO_0000250,,True,CAAX,DQCCTTCVVQ,S-farnesyl cysteine
