ID,name,quality,structure_group,Ccount,Count_all,nAA_30_180_pae,len,Cpos,N_Cpos,pep,pepCCC,pepCC,pepCXC,pepC
P41567,EIF1,91.96,unstructured,2,2,1,113,-45,69,VKAFKKKFACNGTVIEH,,,,AFKKKFACNGTVIEH
P41567,EIF1,89.76,HELX,2,2,1,113,-20,94,LQGDQRKNICQFLVEIG,,,,GDQRKNICQFLVEIG
P52292,IMA1,95.1,unstructured,6,6,1,529,-397,133,FVSFLGRTDCSPIQFES,,,,SFLGRTDCSPIQFES
P52292,IMA1,94.86,HELX,6,6,3,529,-307,223,AVPDMSSLACGYLRNLT,,,,PDMSSLACGYLRNLT
P52292,IMA1,97.9,TURN,6,6,2,529,-293,237,NLTWTLSNLCRNKNPAP,,,,TWTLSNLCRNKNPAP
P52292,IMA1,98.56,HELX,6,6,2,529,-258,272,DDPEVLADTCWAISYLT,,,,PEVLADTCWAISYLT
P52292,IMA1,97.69,TURN,6,6,1,529,-111,419,VEQIVYLVHCGIIEPLM,,,,QIVYLVHCGIIEPLM
P52292,IMA1,95.69,TURN,6,6,1,529,-63,467,EKLSIMIEECGGLDKIE,,,,LSIMIEECGGLDKIE
Q8IUC0,KR131,45.08,unstructured,21,21,1,172,-168,5,MSYNCCSGNFSS,,,,
Q8IUC0,KR131,48.43,unstructured,21,21,1,172,-167,6,MSYNCCSGNFSSR,,,,
Q8IUC0,KR131,52.64,unstructured,21,21,0,172,-158,15,CSGNFSSRSCGGYLHYP,,,,GNFSSRSCGGYLHYP
Q8IUC0,KR131,53.72,unstructured,21,21,0,172,-147,26,GYLHYPASSCGFSYPSN,,,,LHYPASSCGFSYPSN
Q8IUC0,KR131,46.88,unstructured,21,21,1,172,-132,41,SNQVYSTDLCSPSTCQL,,,,QVYSTDLCSPSTCQL
Q8IUC0,KR131,50.2,unstructured,21,21,1,172,-127,46,STDLCSPSTCQLGSSLY,,,,DLCSPSTCQLGSSLY
Q8IUC0,KR131,47.24,unstructured,21,21,1,172,-117,56,QLGSSLYRGCQQTCWEP,,,,GSSLYRGCQQTCWEP
Q8IUC0,KR131,40.18,unstructured,21,21,1,172,-113,60,SLYRGCQQTCWEPTSCQ,,,,YRGCQQTCWEPTSCQ
Q8IUC0,KR131,43.19,unstructured,21,21,0,172,-107,66,QQTCWEPTSCQTSYVES,,,,TCWEPTSCQTSYVES
Q8IUC0,KR131,44.02,unstructured,21,21,1,172,-97,76,QTSYVESSPCQTSCYRP,,,,SYVESSPCQTSCYRP
Q8IUC0,KR131,47.92,unstructured,21,21,1,172,-93,80,VESSPCQTSCYRPRTSL,,,,SSPCQTSCYRPRTSL
Q8IUC0,KR131,41.83,unstructured,21,21,1,172,-84,89,CYRPRTSLLCSPCQTTY,,,,RPRTSLLCSPCQTTY
Q8IUC0,KR131,48.39,HELX,21,21,1,172,-81,92,PRTSLLCSPCQTTYSGS,,,,TSLLCSPCQTTYSGS
Q8IUC0,KR131,42.25,unstructured,21,21,0,172,-66,107,GSLGFGSSSCRSLGYGS,,,,LGFGSSSCRSLGYGS
Q8IUC0,KR131,37.05,unstructured,21,21,1,172,-56,117,RSLGYGSRSCYSVGCGS,,,,LGYGSRSCYSVGCGS
Q8IUC0,KR131,46.43,unstructured,21,21,1,172,-51,122,GSRSCYSVGCGSSGFRS,,,,RSCYSVGCGSSGFRS
Q8IUC0,KR131,46.97,unstructured,21,21,0,172,-38,135,GFRSLGYGGCGFPSLGY,,,,RSLGYGGCGFPSLGY
Q8IUC0,KR131,37.0,unstructured,21,21,0,172,-26,147,PSLGYGVGFCRPTYLAS,,,,LGYGVGFCRPTYLAS
Q8IUC0,KR131,45.21,unstructured,21,21,1,172,-16,157,RPTYLASRSCQSSCYRP,,,,TYLASRSCQSSCYRP
Q8IUC0,KR131,42.54,unstructured,21,21,2,172,-12,161,LASRSCQSSCYRPTCGS,,,,SRSCQSSCYRPTCGS
Q8IUC0,KR131,55.02,unstructured,21,21,1,172,-7,166,,,,,
Q8N0X7,SPART,27.1,unstructured,10,10,0,666,-544,123,YPEFPPKDMCEKLPEPQ,,,,EFPPKDMCEKLPEPQ
Q8N0X7,SPART,26.14,HELX,10,10,0,666,-501,166,ASLSLPSQSCPAEAPPA,,,,LSLPSQSCPAEAPPA
Q8N0X7,SPART,80.89,TURN,10,10,2,666,-395,272,NRPPGFLQVCDWLYPLV,,,,PPGFLQVCDWLYPLV
Q8N0X7,SPART,81.68,unstructured,10,10,2,666,-379,288,VPDRSPVLKCTAGAYMF,,,,DRSPVLKCTAGAYMF
Q8N0X7,SPART,72.99,unstructured,10,10,2,666,-362,305,PDTMLQAAGCFVGVVLS,,,,TMLQAAGCFVGVVLS
Q8N0X7,SPART,26.39,unstructured,10,10,0,666,-262,405,EVNLSHIVPCEPVPEEK,,,,NLSHIVPCEPVPEEK
Q8N0X7,SPART,43.82,HELX,10,10,2,666,-168,499,VSQFLVDGVCTVANCVG,,,,QFLVDGVCTVANCVG
Q8N0X7,SPART,46.58,HELX,10,10,1,666,-163,504,VDGVCTVANCVGKELAP,,,,GVCTVANCVGKELAP
Q8N0X7,SPART,79.92,HELX,10,10,2,666,-109,558,FSTVWQGLECAAKCIVN,,,,TVWQGLECAAKCIVN
Q8N0X7,SPART,81.59,HELX,10,10,2,666,-105,562,WQGLECAAKCIVNNVSA,,,,GLECAAKCIVNNVSA
Q969T9,WBP2,96.03,STRN,2,2,0,261,-182,80,MMPFYLMKDCEIKQPVF,,,,PFYLMKDCEIKQPVF
Q969T9,WBP2,38.67,unstructured,2,2,0,261,-96,166,PPVANGMYPCPPGYPYP,,,,VANGMYPCPPGYPYP
Q9UI42,CBPA4,49.1,BEND,2,4,0,421,-406,16,IGALIGSSICGQEKFFG,,,,ALIGSSICGQEKFFG
Q9UI42,CBPA4,95.12,HELX,2,4,1,421,-66,356,GTEYQVGPTCTTVYPAS,,,,EYQVGPTCTTVYPAS
