primaryAccession;Name;fullName;substrate;location_inside_cell;moiety;AminoAcid;position;evidenceCode;publication;ProteinEntryReviewed
O15498;YKT6_HUMAN;Synaptobrevin homolog YKT6;Belongs to the synaptobrevin family.;Cytosol;S-palmitoyl cysteine;C;-5^^<http://www.w3.org/2001/XMLSchema#int>;ECO_0000269;doi:10.1042/bj20041474;true^^<http://www.w3.org/2001/XMLSchema#boolean>
O15498;YKT6_HUMAN;Synaptobrevin homolog YKT6;Belongs to the synaptobrevin family.;Golgi apparatus membrane;S-palmitoyl cysteine;C;-5^^<http://www.w3.org/2001/XMLSchema#int>;ECO_0000269;doi:10.1042/bj20041474;true^^<http://www.w3.org/2001/XMLSchema#boolean>
O15498;YKT6_HUMAN;Synaptobrevin homolog YKT6;Belongs to the synaptobrevin family.;Cytoplasmic vesicle membrane;S-palmitoyl cysteine;C;-5^^<http://www.w3.org/2001/XMLSchema#int>;ECO_0000269;doi:10.1042/bj20041474;true^^<http://www.w3.org/2001/XMLSchema#boolean>
O15498;YKT6_HUMAN;Synaptobrevin homolog YKT6;Belongs to the synaptobrevin family.;Cytoplasmic vesicle membrane;S-farnesyl cysteine;C;-4^^<http://www.w3.org/2001/XMLSchema#int>;ECO_0000269;doi:10.1073/pnas.0401183101;true^^<http://www.w3.org/2001/XMLSchema#boolean>
O15498;YKT6_HUMAN;Synaptobrevin homolog YKT6;Belongs to the synaptobrevin family.;Cytosol;S-farnesyl cysteine;C;-4^^<http://www.w3.org/2001/XMLSchema#int>;ECO_0000269;doi:10.1073/pnas.0401183101;true^^<http://www.w3.org/2001/XMLSchema#boolean>
O15498;YKT6_HUMAN;Synaptobrevin homolog YKT6;Belongs to the synaptobrevin family.;Golgi apparatus membrane;S-farnesyl cysteine;C;-4^^<http://www.w3.org/2001/XMLSchema#int>;ECO_0000269;doi:10.1073/pnas.0401183101;true^^<http://www.w3.org/2001/XMLSchema#boolean>
P04899;GNAI2_HUMAN;Guanine nucleotide-binding protein G(i) subunit alpha-2;Belongs to the G-alpha family. G(i/o/t/z) subfamily.;Cytoplasm;N-myristoyl glycine;G;-354^^<http://www.w3.org/2001/XMLSchema#int>;ECO_0000269;doi:10.1074/mcp.m111.015131;true^^<http://www.w3.org/2001/XMLSchema#boolean>
P04899;GNAI2_HUMAN;Guanine nucleotide-binding protein G(i) subunit alpha-2;Belongs to the G-alpha family. G(i/o/t/z) subfamily.;Membrane;N-myristoyl glycine;G;-354^^<http://www.w3.org/2001/XMLSchema#int>;ECO_0000269;doi:10.1074/mcp.m111.015131;true^^<http://www.w3.org/2001/XMLSchema#boolean>
P04899;GNAI2_HUMAN;Guanine nucleotide-binding protein G(i) subunit alpha-2;Belongs to the G-alpha family. G(i/o/t/z) subfamily.;Centrosome;N-myristoyl glycine;G;-354^^<http://www.w3.org/2001/XMLSchema#int>;ECO_0000269;doi:10.1074/mcp.m111.015131;true^^<http://www.w3.org/2001/XMLSchema#boolean>
P04899;GNAI2_HUMAN;Guanine nucleotide-binding protein G(i) subunit alpha-2;Belongs to the G-alpha family. G(i/o/t/z) subfamily.;Cell membrane;N-myristoyl glycine;G;-354^^<http://www.w3.org/2001/XMLSchema#int>;ECO_0000269;doi:10.1074/mcp.m111.015131;true^^<http://www.w3.org/2001/XMLSchema#boolean>
P04899;GNAI2_HUMAN;Guanine nucleotide-binding protein G(i) subunit alpha-2;Belongs to the G-alpha family. G(i/o/t/z) subfamily.;Membrane;N-myristoyl glycine;G;-354^^<http://www.w3.org/2001/XMLSchema#int>;ECO_0000269;doi:10.1038/ncomms5919;true^^<http://www.w3.org/2001/XMLSchema#boolean>
P04899;GNAI2_HUMAN;Guanine nucleotide-binding protein G(i) subunit alpha-2;Belongs to the G-alpha family. G(i/o/t/z) subfamily.;Cytoplasm;N-myristoyl glycine;G;-354^^<http://www.w3.org/2001/XMLSchema#int>;ECO_0000269;doi:10.1038/ncomms5919;true^^<http://www.w3.org/2001/XMLSchema#boolean>
P04899;GNAI2_HUMAN;Guanine nucleotide-binding protein G(i) subunit alpha-2;Belongs to the G-alpha family. G(i/o/t/z) subfamily.;Cell membrane;N-myristoyl glycine;G;-354^^<http://www.w3.org/2001/XMLSchema#int>;ECO_0000269;doi:10.1002/anie.201500342;true^^<http://www.w3.org/2001/XMLSchema#boolean>
P04899;GNAI2_HUMAN;Guanine nucleotide-binding protein G(i) subunit alpha-2;Belongs to the G-alpha family. G(i/o/t/z) subfamily.;Centrosome;N-myristoyl glycine;G;-354^^<http://www.w3.org/2001/XMLSchema#int>;ECO_0000269;doi:10.1002/anie.201500342;true^^<http://www.w3.org/2001/XMLSchema#boolean>
P04899;GNAI2_HUMAN;Guanine nucleotide-binding protein G(i) subunit alpha-2;Belongs to the G-alpha family. G(i/o/t/z) subfamily.;Centrosome;N-myristoyl glycine;G;-354^^<http://www.w3.org/2001/XMLSchema#int>;ECO_0000269;doi:10.1038/ncomms5919;true^^<http://www.w3.org/2001/XMLSchema#boolean>
P04899;GNAI2_HUMAN;Guanine nucleotide-binding protein G(i) subunit alpha-2;Belongs to the G-alpha family. G(i/o/t/z) subfamily.;Cell membrane;N-myristoyl glycine;G;-354^^<http://www.w3.org/2001/XMLSchema#int>;ECO_0000269;doi:10.1038/ncomms5919;true^^<http://www.w3.org/2001/XMLSchema#boolean>
P04899;GNAI2_HUMAN;Guanine nucleotide-binding protein G(i) subunit alpha-2;Belongs to the G-alpha family. G(i/o/t/z) subfamily.;Cytoplasm;N-myristoyl glycine;G;-354^^<http://www.w3.org/2001/XMLSchema#int>;ECO_0000269;doi:10.1002/anie.201500342;true^^<http://www.w3.org/2001/XMLSchema#boolean>
P04899;GNAI2_HUMAN;Guanine nucleotide-binding protein G(i) subunit alpha-2;Belongs to the G-alpha family. G(i/o/t/z) subfamily.;Membrane;N-myristoyl glycine;G;-354^^<http://www.w3.org/2001/XMLSchema#int>;ECO_0000269;doi:10.1002/anie.201500342;true^^<http://www.w3.org/2001/XMLSchema#boolean>
P04899;GNAI2_HUMAN;Guanine nucleotide-binding protein G(i) subunit alpha-2;Belongs to the G-alpha family. G(i/o/t/z) subfamily.;Membrane;S-palmitoyl cysteine;C;-353^^<http://www.w3.org/2001/XMLSchema#int>;ECO_0000250;;true^^<http://www.w3.org/2001/XMLSchema#boolean>
P04899;GNAI2_HUMAN;Guanine nucleotide-binding protein G(i) subunit alpha-2;Belongs to the G-alpha family. G(i/o/t/z) subfamily.;Cytoplasm;S-palmitoyl cysteine;C;-353^^<http://www.w3.org/2001/XMLSchema#int>;ECO_0000250;;true^^<http://www.w3.org/2001/XMLSchema#boolean>
P04899;GNAI2_HUMAN;Guanine nucleotide-binding protein G(i) subunit alpha-2;Belongs to the G-alpha family. G(i/o/t/z) subfamily.;Centrosome;S-palmitoyl cysteine;C;-353^^<http://www.w3.org/2001/XMLSchema#int>;ECO_0000250;;true^^<http://www.w3.org/2001/XMLSchema#boolean>
P04899;GNAI2_HUMAN;Guanine nucleotide-binding protein G(i) subunit alpha-2;Belongs to the G-alpha family. G(i/o/t/z) subfamily.;Cell membrane;S-palmitoyl cysteine;C;-353^^<http://www.w3.org/2001/XMLSchema#int>;ECO_0000250;;true^^<http://www.w3.org/2001/XMLSchema#boolean>
P63096;GNAI1_HUMAN;Guanine nucleotide-binding protein G(i) subunit alpha-1;Belongs to the G-alpha family. G(i/o/t/z) subfamily.;Membrane;N-myristoyl glycine;G;-353^^<http://www.w3.org/2001/XMLSchema#int>;ECO_0000269;doi:10.1038/ncomms5919;true^^<http://www.w3.org/2001/XMLSchema#boolean>
P63096;GNAI1_HUMAN;Guanine nucleotide-binding protein G(i) subunit alpha-1;Belongs to the G-alpha family. G(i/o/t/z) subfamily.;Nucleus;N-myristoyl glycine;G;-353^^<http://www.w3.org/2001/XMLSchema#int>;ECO_0000269;doi:10.1038/ncomms5919;true^^<http://www.w3.org/2001/XMLSchema#boolean>
P63096;GNAI1_HUMAN;Guanine nucleotide-binding protein G(i) subunit alpha-1;Belongs to the G-alpha family. G(i/o/t/z) subfamily.;Cytoplasm;N-myristoyl glycine;G;-353^^<http://www.w3.org/2001/XMLSchema#int>;ECO_0000269;doi:10.1002/pmic.200900783;true^^<http://www.w3.org/2001/XMLSchema#boolean>
P63096;GNAI1_HUMAN;Guanine nucleotide-binding protein G(i) subunit alpha-1;Belongs to the G-alpha family. G(i/o/t/z) subfamily.;Cell cortex;N-myristoyl glycine;G;-353^^<http://www.w3.org/2001/XMLSchema#int>;ECO_0000269;doi:10.1038/ncomms5919;true^^<http://www.w3.org/2001/XMLSchema#boolean>
P63096;GNAI1_HUMAN;Guanine nucleotide-binding protein G(i) subunit alpha-1;Belongs to the G-alpha family. G(i/o/t/z) subfamily.;Cell membrane;N-myristoyl glycine;G;-353^^<http://www.w3.org/2001/XMLSchema#int>;ECO_0000269;doi:10.1002/pmic.200900783;true^^<http://www.w3.org/2001/XMLSchema#boolean>
P63096;GNAI1_HUMAN;Guanine nucleotide-binding protein G(i) subunit alpha-1;Belongs to the G-alpha family. G(i/o/t/z) subfamily.;Centrosome;N-myristoyl glycine;G;-353^^<http://www.w3.org/2001/XMLSchema#int>;ECO_0000269;doi:10.1038/ncomms5919;true^^<http://www.w3.org/2001/XMLSchema#boolean>
P63096;GNAI1_HUMAN;Guanine nucleotide-binding protein G(i) subunit alpha-1;Belongs to the G-alpha family. G(i/o/t/z) subfamily.;Cell cortex;N-myristoyl glycine;G;-353^^<http://www.w3.org/2001/XMLSchema#int>;ECO_0000269;doi:10.1002/pmic.200900783;true^^<http://www.w3.org/2001/XMLSchema#boolean>
P63096;GNAI1_HUMAN;Guanine nucleotide-binding protein G(i) subunit alpha-1;Belongs to the G-alpha family. G(i/o/t/z) subfamily.;Cell membrane;N-myristoyl glycine;G;-353^^<http://www.w3.org/2001/XMLSchema#int>;ECO_0000269;doi:10.1038/ncomms5919;true^^<http://www.w3.org/2001/XMLSchema#boolean>
P63096;GNAI1_HUMAN;Guanine nucleotide-binding protein G(i) subunit alpha-1;Belongs to the G-alpha family. G(i/o/t/z) subfamily.;Centrosome;N-myristoyl glycine;G;-353^^<http://www.w3.org/2001/XMLSchema#int>;ECO_0000269;doi:10.1002/pmic.200900783;true^^<http://www.w3.org/2001/XMLSchema#boolean>
P63096;GNAI1_HUMAN;Guanine nucleotide-binding protein G(i) subunit alpha-1;Belongs to the G-alpha family. G(i/o/t/z) subfamily.;Cytoplasm;N-myristoyl glycine;G;-353^^<http://www.w3.org/2001/XMLSchema#int>;ECO_0000269;doi:10.1038/ncomms5919;true^^<http://www.w3.org/2001/XMLSchema#boolean>
P63096;GNAI1_HUMAN;Guanine nucleotide-binding protein G(i) subunit alpha-1;Belongs to the G-alpha family. G(i/o/t/z) subfamily.;Nucleus;N-myristoyl glycine;G;-353^^<http://www.w3.org/2001/XMLSchema#int>;ECO_0000269;doi:10.1002/pmic.200900783;true^^<http://www.w3.org/2001/XMLSchema#boolean>
P63096;GNAI1_HUMAN;Guanine nucleotide-binding protein G(i) subunit alpha-1;Belongs to the G-alpha family. G(i/o/t/z) subfamily.;Membrane;N-myristoyl glycine;G;-353^^<http://www.w3.org/2001/XMLSchema#int>;ECO_0000269;doi:10.1002/pmic.200900783;true^^<http://www.w3.org/2001/XMLSchema#boolean>
P63096;GNAI1_HUMAN;Guanine nucleotide-binding protein G(i) subunit alpha-1;Belongs to the G-alpha family. G(i/o/t/z) subfamily.;Membrane;S-palmitoyl cysteine;C;-352^^<http://www.w3.org/2001/XMLSchema#int>;ECO_0000250;;true^^<http://www.w3.org/2001/XMLSchema#boolean>
P63096;GNAI1_HUMAN;Guanine nucleotide-binding protein G(i) subunit alpha-1;Belongs to the G-alpha family. G(i/o/t/z) subfamily.;Nucleus;S-palmitoyl cysteine;C;-352^^<http://www.w3.org/2001/XMLSchema#int>;ECO_0000250;;true^^<http://www.w3.org/2001/XMLSchema#boolean>
P63096;GNAI1_HUMAN;Guanine nucleotide-binding protein G(i) subunit alpha-1;Belongs to the G-alpha family. G(i/o/t/z) subfamily.;Cytoplasm;S-palmitoyl cysteine;C;-352^^<http://www.w3.org/2001/XMLSchema#int>;ECO_0000250;;true^^<http://www.w3.org/2001/XMLSchema#boolean>
P63096;GNAI1_HUMAN;Guanine nucleotide-binding protein G(i) subunit alpha-1;Belongs to the G-alpha family. G(i/o/t/z) subfamily.;Cell cortex;S-palmitoyl cysteine;C;-352^^<http://www.w3.org/2001/XMLSchema#int>;ECO_0000250;;true^^<http://www.w3.org/2001/XMLSchema#boolean>
P63096;GNAI1_HUMAN;Guanine nucleotide-binding protein G(i) subunit alpha-1;Belongs to the G-alpha family. G(i/o/t/z) subfamily.;Cell membrane;S-palmitoyl cysteine;C;-352^^<http://www.w3.org/2001/XMLSchema#int>;ECO_0000250;;true^^<http://www.w3.org/2001/XMLSchema#boolean>
P63096;GNAI1_HUMAN;Guanine nucleotide-binding protein G(i) subunit alpha-1;Belongs to the G-alpha family. G(i/o/t/z) subfamily.;Centrosome;S-palmitoyl cysteine;C;-352^^<http://www.w3.org/2001/XMLSchema#int>;ECO_0000250;;true^^<http://www.w3.org/2001/XMLSchema#boolean>
Q6P2H3;CEP85_HUMAN;Centrosomal protein of 85 kDa;Belongs to the CEP85 family.;Nucleolus;;;;;;true^^<http://www.w3.org/2001/XMLSchema#boolean>
Q6P2H3;CEP85_HUMAN;Centrosomal protein of 85 kDa;Belongs to the CEP85 family.;Cell cortex;;;;;;true^^<http://www.w3.org/2001/XMLSchema#boolean>
Q6P2H3;CEP85_HUMAN;Centrosomal protein of 85 kDa;Belongs to the CEP85 family.;Spindle pole;;;;;;true^^<http://www.w3.org/2001/XMLSchema#boolean>
Q6P2H3;CEP85_HUMAN;Centrosomal protein of 85 kDa;Belongs to the CEP85 family.;Centrosome;;;;;;true^^<http://www.w3.org/2001/XMLSchema#boolean>
Q6P2H3;CEP85_HUMAN;Centrosomal protein of 85 kDa;Belongs to the CEP85 family.;Centriole;;;;;;true^^<http://www.w3.org/2001/XMLSchema#boolean>
Q99733;NP1L4_HUMAN;Nucleosome assembly protein 1-like 4;Belongs to the nucleosome assembly protein (NAP) family.;Cytoplasm;;;;;;true^^<http://www.w3.org/2001/XMLSchema#boolean>
Q6PHR2;ULK3_HUMAN;Serine/threonine-protein kinase ULK3;Belongs to the protein kinase superfamily. Ser/Thr protein kinase family. APG1/unc-51/ULK1 subfamily.;Cytoplasm;;;;;;true^^<http://www.w3.org/2001/XMLSchema#boolean>
Q99733;NP1L4_HUMAN;Nucleosome assembly protein 1-like 4;Belongs to the nucleosome assembly protein (NAP) family.;Nucleus;;;;;;true^^<http://www.w3.org/2001/XMLSchema#boolean>
Q5TAQ9;DCAF8_HUMAN;DDB1- and CUL4-associated factor 8;Belongs to the WD repeat DCAF8 family.;Nucleus;;;;;;true^^<http://www.w3.org/2001/XMLSchema#boolean>
Q5TAQ9;DCAF8_HUMAN;DDB1- and CUL4-associated factor 8;Belongs to the WD repeat DCAF8 family.;Cytoplasm;;;;;;true^^<http://www.w3.org/2001/XMLSchema#boolean>
Q32MZ4;LRRF1_HUMAN;Leucine-rich repeat flightless-interacting protein 1;Belongs to the LRRFIP family.;Nucleus;;;;;;true^^<http://www.w3.org/2001/XMLSchema#boolean>
Q32MZ4;LRRF1_HUMAN;Leucine-rich repeat flightless-interacting protein 1;Belongs to the LRRFIP family.;Cytoplasm;;;;;;true^^<http://www.w3.org/2001/XMLSchema#boolean>
O94955;RHBT3_HUMAN;Rho-related BTB domain-containing protein 3;;Golgi apparatus;;;;;;true^^<http://www.w3.org/2001/XMLSchema#boolean>
Q9BVM2;DPCD_HUMAN;Protein DPCD;Belongs to the DPCD family.;;;;;;;true^^<http://www.w3.org/2001/XMLSchema#boolean>
