ID,name,seqID,seq,len,Ccount,Cpos,motif,pep
P47756,CAPZB,sp|P47756|CAPZB_HUMAN,MSDQQLDCALDLMRRLPPQQIEKNLSDLIDLVPSLCEDLLSSVDQPLKIARDKVVGKDYLLCDYNRDGDSYRSPWSNKYDPPLEDGAMPSARLRKLEVEANNAFDQYRDLYFEGGVSSVYLWDLDHGFAGVILIKKAGDGSKKIKGCWDSIHVVEVQEKSSGRTAHYKLTSTVMLWLQTNKSGSGTMNLGGSLTRQMEKDETVSDCSPHIANIGRLVEDMENKIRSTLNEIYFGKTKDIVNGLRSVQTFADKSKQEALKNDLVEALKRKQQC,272,6,-1,C,VEALKRKQQC
P60953,CDC42,sp|P60953|CDC42_HUMAN,MQTIKCVVVGDGAVGKTCLLISYTTNKFPSEYVPTVFDNYAVTVMIGGEPYTLGLFDTAGQEDYDRLRPLSYPQTDVFLVCFSVVSPSSFENVKEKWVPEITHHCPKTPFLLVGTQIDLRDDPSTIEKLAKNKQKPITPETAEKLARDLKAVKYVECSALTQKGLKNVFDEAILAALEPPEPKKSRRCVLL,191,6,-4,CXXX,PKKSRRCVLL
P32456,GBP2,sp|P32456|GBP2_HUMAN,MAPEINLPGPMSLIDNTKGQLVVNPEALKILSAITQPVVVVAIVGLYRTGKSYLMNKLAGKKNGFSLGSTVKSHTKGIWMWCVPHPKKPEHTLVLLDTEGLGDIEKGDNENDSWIFALAILLSSTFVYNSMGTINQQAMDQLHYVTELTDRIKANSSPGNNSVDDSADFVSFFPAFVWTLRDFTLELEVDGEPITADDYLELSLKLRKGTDKKSKSFNDPRLCIRKFFPKRKCFVFDWPAPKKYLAHLEQLKEEELNPDFIEQVAEFCSYILSHSNVKTLSGGIPVNGPRLESLVLTYVNAISSGDLPCMENAVLALAQIENSAAVEKAIAHYEQQMGQKVQLPTETLQELLDLHRDSEREAIEVFMKNSFKDVDQMFQRKLGAQLEARRDDFCKQNSKASSDCCMALLQDIFGPLEEDVKQGTFSKPGGYRLFTQKLQELKNKYYQVPRKGIQAKEVLKKYLESKEDVADALLQTDQSLSEKEKAIEVERIKAESAEAAKKMLEEIQKKNEEMMEQKEKSYQEHVKQLTEKMERDRAQLMAEQEKTLALKLQEQERLLKEGFENESKRLQKDIWDIQMRSKSLEPICNIL,591,9,-4,CXXX,KSLEPICNIL
P59768,GBG2,sp|P59768|GBG2_HUMAN,MASNNTASIAQARKLVEQLKMEANIDRIKVSKAAADLMAYCEAHAKEDPLLTPVPASENPFREKKFFCAIL,71,2,-4,CXXX,REKKFFCAIL
P63218,GBG5,sp|P63218|GBG5_HUMAN,MSGSSSVAAMKKVVQQLRLEAGLNRVKVSQAAADLKQFCLQNAQHDPLLTGVSSSTNPFRPQKVCSFL,68,2,-4,CXXX,FRPQKVCSFL
Q9UK08,GBG8,sp|Q9UK08|GBG8_HUMAN,MSNNMAKIAEARKTVEQLKLEVNIDRMKVSQAAAELLAFCETHAKDDPLVTPVPAAENPFRDKRLFCVLL,70,2,-4,CXXX,RDKRLFCVLL
P01116,RASK,sp|P01116|RASK_HUMAN,MTEYKLVVVGAGGVGKSALTIQLIQNHFVDEYDPTIEDSYRKQVVIDGETCLLDILDTAGQEEYSAMRDQYMRTGEGFLCVFAINNTKSFEDIHHYREQIKRVKDSEDVPMVLVGNKCDLPSRTVDTKQAQDLARSYGIPFIETSAKTRQRVEDAFYTLVREIRQYRLKKISKEEKTPGCVKIKKCIIM,189,5,-4,CXXX,CVKIKKCIIM
P01111,RASN,sp|P01111|RASN_HUMAN,MTEYKLVVVGAGGVGKSALTIQLIQNHFVDEYDPTIEDSYRKQVVIDGETCLLDILDTAGQEEYSAMRDQYMRTGEGFLCVFAINNSKSFADINLYREQIKRVKDSDDVPMVLVGNKCDLPTRTVDTKQAHELAKSYGIPFIETSAKTRQGVEDAFYTLVREIRQYRMKKLNSSDDGTQGCMGLPCVVM,189,5,-4,CXXX,GCMGLPCVVM
Q13794,APR,sp|Q13794|APR_HUMAN,MPGKKARKNAQPSPARAPAELEVECATQLRRFGDKLNFRQKLLNLISKLFCSGT,54,2,-4,CXXX,LISKLFCSGT
Q93096,TP4A1,sp|Q93096|TP4A1_HUMAN,MARMNRPAPVEVTYKNMRFLITHNPTNATLNKFIEELKKYGVTTIVRVCEATYDTTLVEKEGIHVLDWPFDDGAPPSNQIVDDWLSLVKIKFREEPGCCIAVHCVAGLGRAPVLVALALIEGGMKYEDAVQFIRQKRRGAFNSKQLLYLEKYRPKMRLRFKDSNGHRNNCCIQ,173,6,"[-4, -3]",CCXX,NGHRNNCCIQ
P61026,RAB10,sp|P61026|RAB10_HUMAN,MAKKTYDLLFKLLLIGDSGVGKTCVLFRFSDDAFNTTFISTIGIDFKIKTVELQGKKIKLQIWDTAGQERFHTITTSYYRGAMGIMLVYDITNGKSFENISKWLRNIDEHANEDVERMLLGNKCDMDDKRVVPKGKGEQIAREHGIRFFETSAKANINIEKAFLTLAEDILRKTPVKEPNSENVDISSGGGVTGWKSKCC,200,4,"[-2, -1]",CC,GVTGWKSKCC
Q15907,RB11B,sp|Q15907|RB11B_HUMAN,MGTRDDEYDYLFKVVLIGDSGVGKSNLLSRFTRNEFNLESKSTIGVEFATRSIQVDGKTIKAQIWDTAGQERYRAITSAYYRGAVGALLVYDIAKHLTYENVERWLKELRDHADSNIVIMLVGNKSDLRHLRAVPTDEARAFAEKNNLSFIETSALDSTNVEEAFKNILTEIYRIVSQKQIADRAAHDESPGNNVVDISVPPTTDGQKPNKLQCCQNL,218,2,"[-5, -4]",CCXXX,PNKLQCCQNL
P61106,RAB14,sp|P61106|RAB14_HUMAN,MATAPYNYSYIFKYIIIGDMGVGKSCLLHQFTEKKFMADCPHTIGVEFGTRIIEVSGQKIKLQIWDTAGQERFRAVTRSYYRGAAGALMVYDITRRSTYNHLSSWLTDARNLTNPNTVIILIGNKADLEAQRDVTYEEAKQFAEENGLLFLEASAKTGENVEDAFLEAAKKIYQNIQDGSLDLNAAESGVQHKPSAPQGGRLTSEPQPQREGCGC,215,4,"[-3, -1]",CXC,PQPQREGCGC
Q9NP72,RAB18,sp|Q9NP72|RAB18_HUMAN,MDEDVLTTLKILIIGESGVGKSSLLLRFTDDTFDPELAATIGVDFKVKTISVDGNKAKLAIWDTAGQERFRTLTPSYYRGAQGVILVYDVTRRDTFVKLDNWLNELETYCTRNDIVNMLVGNKIDKENREVDRNEGLKFARKHSMLFIEASAKTCDGVQCAFEELVEKIIQTPGLWESENQNKGVKLSHREEGQGGGACGGYCSVL,206,5,-4,CXXX,GACGGYCSVL
P62820,RAB1A,sp|P62820|RAB1A_HUMAN,MSSMNPEYDYLFKLLLIGDSGVGKSCLLLRFADDTYTESYISTIGVDFKIRTIELDGKTIKLQIWDTAGQERFRTITSSYYRGAHGIIVVYDVTDQESFNNVKQWLQEIDRYASENVNKLLVGNKCDLTTKKVVDYTTAKEFADSLGIPFLETSAKNATNVEQSFMTMAAEIKKRMGPGATAGGAEKSNVKIQSTPVKQSGGGCC,205,4,"[-2, -1]",CC,PVKQSGGGCC
Q9H0U4,RAB1B,sp|Q9H0U4|RAB1B_HUMAN,MNPEYDYLFKLLLIGDSGVGKSCLLLRFADDTYTESYISTIGVDFKIRTIELDGKTIKLQIWDTAGQERFRTITSSYYRGAHGIIVVYDVTDQESYANVKQWLQEIDRYASENVNKLLVGNKSDLTTKKVVDNTTAKEFADSLGIPFLETSAKNATNVEQAFMTMAAEIKKRMGPGAASGGERPNLKIDSTPVKPAGGGCC,201,3,"[-2, -1]",CC,PVKPAGGGCC
Q9UL25,RAB21,sp|Q9UL25|RAB21_HUMAN,MAAAGGGGGGAAAAGRAYSFKVVLLGEGCVGKTSLVLRYCENKFNDKHITTLQASFLTKKLNIGGKRVNLAIWDTAGQERFHALGPIYYRDSNGAILVYDITDEDSFQKVKNWVKELRKMLGNEICLCIVGNKIDLEKERHVSIQEAESYAESVGAKHYHTSAKQNKGIEELFLDLCKRMIETAQVDERAKGNGSSQPGTARRGVQIIDDEPQAQTSGGGCCSSG,225,7,"[-5, -4]",CCXXX,TSGGGCCSSG
P61019,RAB2A,sp|P61019|RAB2A_HUMAN,MAYAYLFKYIIIGDTGVGKSCLLLQFTDKRFQPVHDLTIGVEFGARMITIDGKQIKLQIWDTAGQESFRSITRSYYRGAAGALLVYDITRRDTFNHLTTWLEDARQHSNSNMVIMLIGNKSDLESRREVKKEEGEAFAREHGLIFMETSAKTASNVEEAFINTAKEIYEKIQEGVFDINNEANGIKIGPQHAATNATHAGNQGGQQAGGGCC,212,3,"[-2, -1]",CC,GGQQAGGGCC
P20339,RAB5A,sp|P20339|RAB5A_HUMAN,MASRGATRPNGPNTGNKICQFKLVLLGESAVGKSSLVLRFVKGQFHEFQESTIGAAFLTQTVCLDDTTVKFEIWDTAGQERYHSLAPMYYRGAQAAIVVYDITNEESFARAKNWVKELQRQASPNIVIALSGNKADLANKRAVDFQEAQSYADDNSLLFMETSAKTSMNVNEIFMAIAKKLPKNEPQNPGANSARGRGVDLTEPTQPTRNQCCSN,215,4,"[-4, -3]",CCXX,QPTRNQCCSN
P61020,RAB5B,sp|P61020|RAB5B_HUMAN,MTSRSTARPNGQPQASKICQFKLVLLGESAVGKSSLVLRFVKGQFHEYQESTIGAAFLTQSVCLDDTTVKFEIWDTAGQERYHSLAPMYYRGAQAAIVVYDITNQETFARAKTWVKELQRQASPSIVIALAGNKADLANKRMVEYEEAQAYADDNSLLFMETSAKTAMNVNDLFLAIAKKLPKSEPQNLGGAAGRSRGVDLHEQSQQNKSQCCSN,215,4,"[-4, -3]",CCXX,QQNKSQCCSN
P51148,RAB5C,sp|P51148|RAB5C_HUMAN,MAGRGGAARPNGPAAGNKICQFKLVLLGESAVGKSSLVLRFVKGQFHEYQESTIGAAFLTQTVCLDDTTVKFEIWDTAGQERYHSLAPMYYRGAQAAIVVYDITNTDTFARAKNWVKELQRQASPNIVIALAGNKADLASKRAVEFQEAQAYADDNSLLFMETSAKTAMNVNEIFMAIAKKLPKNEPQNATGAPGRNRGVDLQENNPASRSQCCSN,216,4,"[-4, -3]",CCXX,PASRSQCCSN
P20340,RAB6A,sp|P20340|RAB6A_HUMAN,MSTGGDFGNPLRKFKLVFLGEQSVGKTSLITRFMYDSFDNTYQATIGIDFLSKTMYLEDRTVRLQLWDTAGQERFRSLIPSYIRDSTVAVVVYDITNVNSFQQTTKWIDDVRTERGSDVIIMLVGNKTDLADKRQVSIEEGERKAKELNVMFIETSAKAGYNVKQLFRRVAAALPGMESTQDRSREDMIDIKLEKPQEQPVSEGGCSC,208,2,"[-3, -1]",CXC,QPVSEGGCSC
P51149,RAB7A,sp|P51149|RAB7A_HUMAN,MTSRKKVLLKVIILGDSGVGKTSLMNQYVNKKFSNQYKATIGADFLTKEVMVDDRLVTMQIWDTAGQERFQSLGVAFYRGADCCVLVFDVTAPNTFKTLDSWRDEFLIQASPRDPENFPFVVLGNKIDLENRQVATKRAQAWCYSKNNIPYFETSAKEAINVEQAFQTIARNALKQETEVELYNEFPEPIKLDKNDRAKASAESCSC,207,5,"[-3, -1]",CXC,AKASAESCSC
P63000,RAC1,sp|P63000|RAC1_HUMAN,MQAIKCVVVGDGAVGKTCLLISYTTNAFPGEYIPTVFDNYSANVMVDGKPVNLGLWDTAGQEDYDRLRPLSYPQTDVFLICFSLVSPASFENVRAKWYPEVRHHCPNTPIILVGTKLDLRDDKDTIEKLKEKKLTPITYPQGLAMAKEIGAVKYLECSALTQRGLKTVFDEAIRAVLCPPPVKKRKRKCLLL,192,7,-4,CXXX,KKRKRKCLLL
P15153,RAC2,sp|P15153|RAC2_HUMAN,MQAIKCVVVGDGAVGKTCLLISYTTNAFPGEYIPTVFDNYSANVMVDSKPVNLGLWDTAGQEDYDRLRPLSYPQTDVFLICFSLVSPASYENVRAKWFPEVRHHCPSTPIILVGTKLDLRDDKDTIEKLKEKKLAPITYPQGLALAKEIDSVKYLECSALTQRGLKTVFDEAIRAVLCPQPTRQQKRACSLL,192,7,-4,CXXX,RQQKRACSLL
P11233,RALA,sp|P11233|RALA_HUMAN,MAANKPKGQNSLALHKVIMVGSGGVGKSALTLQFMYDEFVEDYEPTKADSYRKKVVLDGEEVQIDILDTAGQEDYAAIRDNYFRSGEGFLCVFSITEMESFAATADFREQILRVKEDENVPFLLVGNKSDLEDKRQVSVEEAKNRAEQWNVNYVETSAKTRANVDKVFFDLMREIRARKMEDSKEKNGKKKRKSLAKRIRERCCIL,206,3,"[-4, -3]",CCXX,KRIRERCCIL
P61224,RAP1B,sp|P61224|RAP1B_HUMAN,MREYKLVVLGSGGVGKSALTVQFVQGIFVEKYDPTIEDSYRKQVEVDAQQCMLEILDTAGTEQFTAMRDLYMKNGQGFALVYSITAQSTFNDLQDLREQILRVKDTDDVPMILVGNKCDLEDERVVGKEQGQNLARQWNNCAFLESSAKSKINVNEIFYDLVRQINRKTPVPGKARKKSSCQLL,184,4,-4,CXXX,ARKKSSCQLL
P61586,RHOA,sp|P61586|RHOA_HUMAN,MAAIRKKLVIVGDGACGKTCLLIVFSKDQFPEVYVPTVFENYVADIEVDGKQVELALWDTAGQEDYDRLRPLSYPDTDVILMCFSIDSPDSLENIPEKWTPEVKHFCPNVPIILVGNKKDLRNDEHTRRELAKMKQEPVKPEEGRDMANRIGAFGYMECSAKTKDGVREVFEMATRAALQARRGKKKSGCLVL,193,6,-4,CXXX,GKKKSGCLVL
P84095,RHOG,sp|P84095|RHOG_HUMAN,MQSIKCVVVGDGAVGKTCLLICYTTNAFPKEYIPTVFDNYSAQSAVDGRTVNLNLWDTAGQEEYDRLRTLSYPQTNVFVICFSIASPPSYENVRHKWHPEVCHHCPDVPILLVGTKKDLRAQPDTLRRLKEQGQAPITPQQGQALAKQIHAVRYLECSALQQDGVKEVFAEAVRAVLNPTPIKRGRSCILL,191,8,-4,CXXX,IKRGRSCILL
Q15437,SC23B,sp|Q15437|SC23B_HUMAN,MATYLEFIQQNEERDGVRFSWNVWPSSRLEATRMVVPLACLLTPLKERPDLPPVQYEPVLCSRPTCKAVLNPLCQVDYRAKLWACNFCFQRNQFPPAYGGISEVNQPAELMPQFSTIEYVIQRGAQSPLIFLYVVDTCLEEDDLQALKESLQMSLSLLPPDALVGLITFGRMVQVHELSCEGISKSYVFRGTKDLTAKQIQDMLGLTKPAMPMQQARPAQPQEHPFASSRFLQPVHKIDMNLTDLLGELQRDPWPVTQGKRPLRSTGVALSIAVGLLEGTFPNTGARIMLFTGGPPTQGPGMVVGDELKIPIRSWHDIEKDNARFMKKATKHYEMLANRTAANGHCIDIYACALDQTGLLEMKCCANLTGGYMVMGDSFNTSLFKQTFQRIFTKDFNGDFRMAFGATLDVKTSRELKIAGAIGPCVSLNVKGPCVSENELGVGGTSQWKICGLDPTSTLGIYFEVVNQHNTPIPQGGRGAIQFVTHYQHSSTQRRIRVTTIARNWADVQSQLRHIEAAFDQEAAAVLMARLGVFRAESEEGPDVLRWLDRQLIRLCQKFGQYNKEDPTSFRLSDSFSLYPQFMFHLRRSPFLQVFNNSPDESSYYRHHFARQDLTQSLIMIQPILYSYSFHGPPEPVLLDSSSILADRILLMDTFFQIVIYLGETIAQWRKAGYQDMPEYENFKHLLQAPLDDAQEILQARFPMPRYINTEHGGSQARFLLSKVNPSQTHNNLYAWGQETGAPILTDDVSLQVFMDHLKKLAVSSAC,767,17,-1,C,LKKLAVSSAC
Q9NTJ3,SMC4,sp|Q9NTJ3|SMC4_HUMAN,MPRKGTQPSTARRREEGPPPPSPDGASSDAEPEPPSGRTESPATAAETASEELDNRSLEEILNSIPPPPPPAMTNEAGAPRLMITHIVNQNFKSYAGEKILGPFHKRFSCIIGPNGSGKSNVIDSMLFVFGYRAQKIRSKKLSVLIHNSDEHKDIQSCTVEVHFQKIIDKEGDDYEVIPNSNFYVSRTACRDNTSVYHISGKKKTFKDVGNLLRSHGIDLDHNRFLILQGEVEQIAMMKPKGQTEHDEGMLEYLEDIIGCGRLNEPIKVLCRRVEILNEHRGEKLNRVKMVEKEKDALEGEKNIAIEFLTLENEIFRKKNHVCQYYIYELQKRIAEMETQKEKIHEDTKEINEKSNILSNEMKAKNKDVKDTEKKLNKITKFIEENKEKFTQLDLEDVQVREKLKHATSKAKKLEKQLQKDKEKVEEFKSIPAKSNNIINETTTRNNALEKEKEKEEKKLKEVMDSLKQETQGLQKEKESREKELMGFSKSVNEARSKMDVAQSELDIYLSRHNTAVSQLTKAKEALIAASETLKERKAAIRDIEGKLPQTEQELKEKEKELQKLTQEETNFKSLVHDLFQKVEEAKSSLAMNRSRGKVLDAIIQEKKSGRIPGIYGRLGDLGAIDEKYDVAISSCCHALDYIVVDSIDIAQECVNFLKRQNIGVATFIGLDKMAVWAKKMTEIQTPENTPRLFDLVKVKDEKIRQAFYFALRDTLVADNLDQATRVAYQKDRRWRVVTLQGQIIEQSGTMTGGGSKVMKGRMGSSLVIEISEEEVNKMESQLQNDSKKAMQIQEQKVQLEERVVKLRHSEREMRNTLEKFTASIQRLIEQEEYLNVQVKELEANVLATAPDKKKQKLLEENVSAFKTEYDAVAEKAGKVEAEVKRLHNTIVEINNHKLKAQQDKLDKINKQLDECASAITKAQVAIKTADRNLQKAQDSVLRTEKEIKDTEKEVDDLTAELKSLEDKAAEVVKNTNAAEESLPEIQKEHRNLLQELKVIQENEHALQKDALSIKLKLEQIDGHIAEHNSKIKYWHKEISKISLHPIEDNPIEEISVLSPEDLEAIKNPDSITNQIALLEARCHEMKPNLGAIAEYKKKEELYLQRVAELDKITYERDSFRQAYEDLRKQRLNEFMAGFYIITNKLKENYQMLTLGGDAELELVDSLDPFSEGIMFSVRPPKKSWKKIFNLSGGEKTLSSLALVFALHHYKPTPLYFMDEIDAALDFKNVSIVAFYIYEQTKNAQFIIISLRNNMFEISDRLIGIYKTYNITKSVAVNPKEIASKGLC,1288,12,-1,C,PKEIASKGLC
Q00765,REEP5,sp|Q00765-2|REEP5_HUMAN,MSAAMRERFDRFLHEKNCMTDLLAKLEAKTGVNRSFIALGVIGLVALYLVFGYGASLLCNLIGFGYPAYISIKAIESPNKEDDTQWLTYWVVYGVFSIAEFFSDIFLSWFPFYYMLKVWSGLGFLLPRCLL,131,3,-3,CXX,LGFLLPRCLL
Q07812,BAX,sp|Q07812-5|BAX_HUMAN,MDGSGEQPRGGGPTSSEQIMKTGALLLQGFIQDRAGRMGGEAPELALDPVPQDASTKKLSECLKRIGDELDSNMELQRMIAAVDTDSPREVFFRVAADMFSDGNFNWGRVVALFYFASKLVLKAGVKWRDLGSLQPLPPGFKRFTCLSIPRSWDYRPCAPRCRN,164,4,-3,CXX,YRPCAPRCRN
Q9BSY4,CHCH5,sp|Q9BSY4-2|CHCH5_HUMAN,MQAALEVTARYCGRELEQYGQCVAAKPESWQRDCHYLKMSIAQCTSSHPIIRQIRQACAQPFEAFEECLRQNEAAVGNCAEHMRRFLQCAEQVQPPRSPATVEVRGAHLSSSLFSITSPSSFWLFRVKTLESSSAPPHHHTGLCHASRIQNIITSCPI,158,10,-3,CXX,IQNIITSCPI
Q9NW68,BSDC1,sp|Q9NW68-3|BSDC1_HUMAN,MAEGEDVGWWRSWLQQSYQAVKEKSSEALEFMKRDLTEFTQVVQHDTACTIAATASVVKEKLAIAACSRGACFLCPFSIQTEGSSGATEKMKKGLSDFLGVISDTFAPSPDKTIDCDVITLMGTPSGTAEPYDGTKARLYSLQSDPATYCNEPDGPPELFDAWLSQFCLEEKKGEISELLVGSPSIRALYTKMVPAAVSHSEFWHRYFYKVHQLEQEQARRDALKQRAEQSISEEPGWEEEEEELMGISPISPKEAKVPVAKISTFPEGEPGPQSPCEENLVTSVEPPAEVTPSESSESISLVTQIANPATAPEARVLPKDLSQKLLEASLEEQGLAVDVGETGPSPPIHSKPLTPAGHTGGPEPRPPARVETLREEAPTDLRVFELNSDSGKSTPSNNGKKGSSTDISEDWEKDFDLDMTEEEVQMALSKVDASGEVSGPGGSEGSEPNGPGCESSPQPAQLSPQEGPCSCLR,474,11,-3,CXX,PQEGPCSCLR
P23921,RIR1,sp|P23921|RIR1_HUMAN,MHVIKRDGRQERVMFDKITSRIQKLCYGLNMDFVDPAQITMKVIQGLYSGVTTVELDTLAAETAATLTTKHPDYAILAARIAVSNLHKETKKVFSDVMEDLYNYINPHNGKHSPMVAKSTLDIVLANKDRLNSAIIYDRDFSYNYFGFKTLERSYLLKINGKVAERPQHMLMRVSVGIHKEDIDAAIETYNLLSERWFTHASPTLFNAGTNRPQLSSCFLLSMKDDSIEGIYDTLKQCALISKSAGGIGVAVSCIRATGSYIAGTNGNSNGLVPMLRVYNNTARYVDQGGNKRPGAFAIYLEPWHLDIFEFLDLKKNTGKEEQRARDLFFALWIPDLFMKRVETNQDWSLMCPNECPGLDEVWGEEFEKLYASYEKQGRVRKVVKAQQLWYAIIESQTETGTPYMLYKDSCNRKSNQQNLGTIKCSNLCTEIVEYTSKDEVAVCNLASLALNMYVTSEHTYDFKKLAEVTKVVVRNLNKIIDINYYPVPEACLSNKRHRPIGIGVQGLADAFILMRYPFESAEAQLLNKQIFETIYYGALEASCDLAKEQGPYETYEGSPVSKGILQYDMWNVTPTDLWDWKVLKEKIAKYGIRNSLLIAPMPTASTAQILGNNESIEPYTSNIYTRRVLSGEFQIVNPHLLKDLTERGLWHEEMKNQIIACNGSIQSIPEIPDDLKQLYKTVWEISQKTVLKMAAERGAFIDQSQSLNIHIAEPNYGKLTSMHFYGWKQGLKTGMYYLRTRPAANPIQFTLNKEKLKDKEKVSKEEEEKERNTAAMVCSLENRDECLMCGS,792,16,-3,CXX,NRDECLMCGS
P27487,DPP4,sp|P27487|DPP4_HUMAN,MKTPWKVLLGLLGAAALVTIITVPVVLLNKGTDDATADSRKTYTLTDYLKNTYRLKLYSLRWISDHEYLYKQENNILVFNAEYGNSSVFLENSTFDEFGHSINDYSISPDGQFILLEYNYVKQWRHSYTASYDIYDLNKRQLITEERIPNNTQWVTWSPVGHKLAYVWNNDIYVKIEPNLPSYRITWTGKEDIIYNGITDWVYEEEVFSAYSALWWSPNGTFLAYAQFNDTEVPLIEYSFYSDESLQYPKTVRVPYPKAGAVNPTVKFFVVNTDSLSSVTNATSIQITAPASMLIGDHYLCDVTWATQERISLQWLRRIQNYSVMDICDYDESSGRWNCLVARQHIEMSTTGWVGRFRPSEPHFTLDGNSFYKIISNEEGYRHICYFQIDKKDCTFITKGTWEVIGIEALTSDYLYYISNEYKGMPGGRNLYKIQLSDYTKVTCLSCELNPERCQYYSVSFSKEAKYYQLRCSGPGLPLYTLHSSVNDKGLRVLEDNSALDKMLQNVQMPSKKLDFIILNETKFWYQMILPPHFDKSKKYPLLLDVYAGPCSQKADTVFRLNWATYLASTENIIVASFDGRGSGYQGDKIMHAINRRLGTFEVEDQIEAARQFSKMGFVDNKRIAIWGWSYGGYVTSMVLGSGSGVFKCGIAVAPVSRWEYYDSVYTERYMGLPTPEDNLDHYRNSTVMSRAENFKQVEYLLIHGTADDNVHFQQSAQISKALVDVGVDFQAMWYTDEDHGIASSTAHQHIYTHMSHFIKQCFSLP,766,12,-5,CXXXX,HFIKQCFSLP
P35914,HMGCL,sp|P35914|HMGCL_HUMAN,MAAMRKALPRRLVGLASLRAVSTSSMGTLPKRVKIVEVGPRDGLQNEKNIVSTPVKIKLIDMLSEAGLSVIETTSFVSPKWVPQMGDHTEVLKGIQKFPGINYPVLTPNLKGFEAAVAAGAKEVVIFGAASELFTKKNINCSIEESFQRFDAILKAAQSANISVRGYVSCALGCPYEGKISPAKVAEVTKKFYSMGCYEISLGDTIGVGTPGIMKDMLSAVMQEVPLAALAVHCHDTYGQALANTLMALQMGVSVVDSSVAGLGGCPYAQGASGNLATEDLVYMLEGLGIHTGVNLQKLLEAGNFICQALNRKTSSKVAQATCKL,325,8,-3,CXX,SKVAQATCKL
Q15365,PCBP1,sp|Q15365|PCBP1_HUMAN,MDAGVTESGLNVTLTIRLLMHGKEVGSIIGKKGESVKRIREESGARINISEGNCPERIITLTGPTNAIFKAFAMIIDKLEEDINSSMTNSTAASRPPVTLRLVVPATQCGSLIGKGGCKIKEIRESTGAQVQVAGDMLPNSTERAITIAGVPQSVTECVKQICLVMLETLSQSPQGRVMTIPYQPMPASSPVICAGGQDRCSDAAGYPHATHDLEGPPLDAYSIQGQHTISPLDLAKLNQVARQQSHFAMMHGGTGFAGIDSSSPEVKGYWASLDASTQTTHELTIPNNLIGCIIGRQGANINEIRQMSGAQIKIANPVEGSSGRQVTITGSAASISLAQYLINARLSSEKGMGCS,356,9,-2,CX,LSSEKGMGCS
Q9Y294,ASF1A,sp|Q9Y294|ASF1A_HUMAN,MAKVQVNNVVVLDNPSPFYNPFQFEITFECIEDLSEDLEWKIIYVGSAESEEYDQVLDSVLVGPVPAGRHMFVFQADAPNPGLIPDADAVGVTVVLITCTYRGQEFIRVGYYVNNEYTETELRENPPVKPDFSKLQRNILASNPRVTRFHINWEDNTEKLEDAESSNPNLQSLLSTDALPSASKGWSTSENSLNVMLESHMDCM,204,3,-2,CX,VMLESHMDCM
P09110,THIK,sp|P09110|THIK_HUMAN,MQRLQVVLGHLRGPADSGWMPQAAPCLSGAPQASAADVVVVHGRRTAICRAGRGGFKDTTPDELLSAVMTAVLKDVNLRPEQLGDICVGNVLQPGAGAIMARIAQFLSDIPETVPLSTVNRQCSSGLQAVASIAGGIRNGSYDIGMACGVESMSLADRGNPGNITSRLMEKEKARDCLIPMGITSENVAERFGISREKQDTFALASQQKAARAQSKGCFQAEIVPVTTTVHDDKGTKRSITVTQDEGIRPSTTMEGLAKLKPAFKKDGSTTAGNSSQVSDGAAAILLARRSKAEELGLPILGVLRSYAVVGVPPDIMGIGPAYAIPVALQKAGLTVSDVDIFEINEAFASQAAYCVEKLRLPPEKVNPLGGAVALGHPLGCTGARQVITLLNELKRRGKRAYGVVSMCIGTGMGAAAVFEYPGN,424,10,-17,,
O14734,ACOT8,sp|O14734|ACOT8_HUMAN,MSSPQAPEDGQGCGDRGDPPGDLRSVLVTTVLNLEPLDEDLFRGRHYWVPAKRLFGGQIVGQALVAAAKSVSEDVHVHSLHCYFVRAGDPKLPVLYQVERTRTGSSFSVRSVKAVQHGKPIFICQASFQQAQPSPMQHQFSMPTVPPPEELLDCETLIDQYLRDPNLQKRYPLALNRIAAQEVPIEIKPVNPSPLSQLQRMEPKQMFWVRARGYIGEGDMKMHCCVAAYISDYAFLGTALLPHQWQHKVHFMVSLDHSMWFHAPFRADHWMLYECESPWAGGSRGLVHGRLWRQDGVLAVTCAQEGVIRVKPQVSESKL,319,8,-18,,
O95573,ACSL3,sp|O95573|ACSL3_HUMAN,MNNHVSSKPSTMKLKHTINPILLYFIHFLISLYTILTYIPFYFFSESRQEKSNRIKAKPVNSKPDSAYRSVNSLDGLASVLYPGCDTLDKVFTYAKNKFKNKRLLGTREVLNEEDEVQPNGKIFKKVILGQYNWLSYEDVFVRAFNFGNGLQMLGQKPKTNIAIFCETRAEWMIAAQACFMYNFQLVTLYATLGGPAIVHALNETEVTNIITSKELLQTKLKDIVSLVPRLRHIITVDGKPPTWSEFPKGIIVHTMAAVEALGAKASMENQPHSKPLPSDIAVIMYTSGSTGLPKGVMISHSNIIAGITGMAERIPELGEEDVYIGYLPLAHVLELSAELVCLSHGCRIGYSSPQTLADQSSKIKKGSKGDTSMLKPTLMAAVPEIMDRIYKNVMNKVSEMSSFQRNLFILAYNYKMEQISKGRNTPLCDSFVFRKVRSLLGGNIRLLLCGGAPLSATTQRFMNICFCCPVGQGYGLTESAGAGTISEVWDYNTGRVGAPLVCCEIKLKNWEEGGYFNTDKPHPRGEILIGGQSVTMGYYKNEAKTKADFFEDENGQRWLCTGDIGEFEPDGCLKIIDRKKDLVKLQAGEYVSLGKVEAALKNLPLVDNICAYANSYHSYVIGFVVPNQKELTELARKKGLKGTWEELCNSCEMENEVLKVLSEAAISASLEKFEIPVKIRLSPEPWTPETGLVTDAFKLKRKELKTHYQADIERMYGRK,720,17,-69,,
P30520,PURA2,sp|P30520|PURA2_HUMAN,MAFAETYPAASSLPNGDCGRPRARPGGNRVTVVLGAQWGDEGKGKVVDLLAQDADIVCRCQGGNNAGHTVVVDSVEYDFHLLPSGIINPNVTAFIGNGVVIHLPGLFEEAEKNVQKGKGLEGWEKRLIISDRAHIVFDFHQAADGIQEQQRQEQAGKNLGTTKKGIGPVYSSKAARSGLRMCDLVSDFDGFSERFKVLANQYKSIYPTLEIDIEGELQKLKGYMEKIKPMVRDGVYFLYEALHGPPKKILVEGANAALLDIDFGTYPFVTSSNCTVGGVCTGLGMPPQNVGEVYGVVKAYTTRVGIGAFPTEQDNEIGELLQTRGREFGVTTGRKRRCGWLDLVLLKYAHMINGFTALALTKLDILDMFTEIKVGVAYKLDGEIIPHIPANQEVLNKVEVQYKTLPGWNTDISNARAFKELPVNAQNYVRFIEDELQIPVKWIGVGKSRESMIQLF,456,7,-119,,
Q13155,AIMP2,sp|Q13155|AIMP2_HUMAN,MPMYQVKPYHGGGAPLRVELPTCMYRLPNVHGRSYGPAPGAGHVQEESNLSLQALESRQDDILKRLYELKAAVDGLSKMIQTPDADLDVTNIIQADEPTTLTTNALDLNSVLGKDYGALKDIVINANPASPPLSLLVLHRLLCEHFRVLSTVHTHSSVKSVPENLLKCFGEQNKKQPRQDYQLGFTLIWKNVPKTQMKFSIQTMCPIEGEGNIARFLFSLFGQKHNAVNATLIDSWVDIAIFQLKEGSSKEKAAVFRSMNSALGKSPWLAGNELTVADVVLWSVLQQIGGCSVTVPANVQRWMRSCENLAPFNTALKLLK,320,6,-15,,
P30837,AL1B1,sp|P30837|AL1B1_HUMAN,MLRFLAPRLLSLQGRTARYSSAAALPSPILNPDIPYNQLFINNEWQDAVSKKTFPTVNPTTGEVIGHVAEGDRADVDRAVKAAREAFRLGSPWRRMDASERGRLLNRLADLVERDRVYLASLETLDNGKPFQESYALDLDEVIKVYRYFAGWADKWHGKTIPMDGQHFCFTRHEPVGVCGQIIPWNFPLVMQGWKLAPALATGNTVVMKVAEQTPLSALYLASLIKEAGFPPGVVNIITGYGPTAGAAIAQHVDVDKVAFTGSTEVGHLIQKAAGDSNLKRVTLELGGKSPSIVLADADMEHAVEQCHEALFFNMGQCCCAGSRTFVEESIYNEFLERTVEKAKQRKVGNPFELDTQQGPQVDKEQFERVLGYIQLGQKEGAKLLCGGERFGERGFFIKPTVFGGVQDDMRIAKEEIFGPVQPLFKFKKIEEVVERANNTRYGLAAAVFTRDLDKAMYFTQALQAGTVWVNTYNIVTCHTPFGGFKESGNGRELGEDGLKAYTEVKTVTIKVPQKNS,517,8,-40,,
P49189,AL9A1,sp|P49189|AL9A1_HUMAN,MSTGTFVVSQPLNYRGGARVEPADASGTEKAFEPATGRVIATFTCSGEKEVNLAVQNAKAAFKIWSQKSGMERCRILLEAARIIREREDEIATMECINNGKSIFEARLDIDISWQCLEYYAGLAASMAGEHIQLPGGSFGYTRREPLGVCVGIGAWNYPFQIASWKSAPALACGNAMVFKPSPFTPVSALLLAEIYSEAGVPPGLFNVVQGGAATGQFLCQHPDVAKVSFTGSVPTGMKIMEMSAKGIKPVTLELGGKSPLIIFSDCDMNNAVKGALMANFLTQGQVCCNGTRVFVQKEILDKFTEEVVKQTQRIKIGDPLLEDTRMGPLINRPHLERVLGFVKVAKEQGAKVLCGGDIYVPEDPKLKDGYYMRPCVLTNCRDDMTCVKEEIFGPVMSILSFDTEAEVLERANDTTFGLAAGVFTRDIQRAHRVVAELQAGTCFINNYNVSPVELPFGGYKKSGFGRENGRVTIEYYSQLKTVCVEMGDVESAF,494,16,-11,,
Q9BT22,ALG1,sp|Q9BT22|ALG1_HUMAN,MAASCLVLLALCLLLPLLLLGGWKRWRRGRAARHVVAVVLGDVGRSPRMQYHALSLAMHGFSVTLLGFCNSKPHDELLQNNRIQIVGLTELQSLAVGPRVFQYGVKVVLQAMYLLWKLMWREPGAYIFLQNPPGLPSIAVCWFVGCLCGSKLVIDWHNYGYSIMGLVHGPNHPLVLLAKWYEKFFGRLSHLNLCVTNAMREDLADNWHIRAVTVYDKPASFFKETPLDLQHRLFMKLGSMHSPFRARSEPEDPVTERSAFTERDAGSGLVTRLRERPALLVSSTSWTEDEDFSILLAALEKFEQLTLDGHNLPSLVCVITGKGPLREYYSRLIHQKHFQHIQVCTPWLEAEDYPLLLGSADLGVCLHTSSSGLDLPMKVVDMFGCCLPVCAVNFKCLHELVKHEENGLVFEDSEELAAQLQMLFSNFPDPAGKLNQFRKNLRESQQLRWDESWVQTVLPLVMDT,464,14,-69,,
Q9BQE5,APOL2,sp|Q9BQE5|APOL2_HUMAN,MNPESSIFIEDYLKYFQDQVSRENLLQLLTDDEAWNGFVAAAELPRDEADELRKALNKLASHMVMKDKNRHDKDQQHRQWFLKEFPRLKRELEDHIRKLRALAEEVEQVHRGTTIANVVSNSVGTTSGILTLLGLGLAPFTEGISFVLLDTGMGLGAAAAVAGITCSVVELVNKLRARAQARNLDQSGTNVAKVMKEFVGGNTPNVLTLVDNWYQVTQGIGRNIRAIRRARANPQLGAYAPPPHVIGRISAEGGEQVERVVEGPAQAMSRGTMIVGAATGGILLLLDVVSLAYESKHLLEGAKSESAEELKKRAQELEGKLNFLTKIHEMLQPGQDQ,337,1,-172,,
O95445,APOM,sp|O95445|APOM_HUMAN,MFHQIWAALLYFYGIILNSIYQCPEHSQLTTLGVDGKEFPEVHLGQWYFIAGAAPTKEELATFDPVDNIVFNMAAGSAPMQLHLRATIRMKDGLCVPRKWIYHLTEGSTDLRTEGRPDMKTELFSSSCPGGIMLNETGQGYQRFLLYNRSPHPPEKCVEEFKSLTSCLDSKAFLLTPRNQEACELSNN,188,6,-6,,
P18085,ARF4,sp|P18085|ARF4_HUMAN,MGLTISSLFSRLFGKKQMRILMVGLDAAGKTTILYKLKLGEIVTTIPTIGFNVETVEYKNICFTVWDVGGQDRIRPLWKHYFQNTQGLIFVVDSNDRERIQEVADELQKMLLVDELRDAVLLLFANKQDLPNAMAISEMTDKLGLQSLRNRTWYVQATCATQGTGLYEGLDWLSNELSKR,180,2,-22,,
Q14865,ARI5B,sp|Q14865|ARI5B_HUMAN,MEPNSLQWVGSPCGLHGPYIFYKAFQFHLEGKPRILSLGDFFFVRCTPKDPICIAELQLLWEERTSRQLLSSSKLYFLPEDTPQGRNSDHGEDEVIAVSEKVIVKLEDLVKWVHSDFSKWRCGFHAGPVKTEALGRNGQKEALLKYRQSTLNSGLNFKDVLKEKADLGEDEEETNVIVLSYPQYCRYRSMLKRIQDKPSSILTDQFALALGGIAVVSRNPQILYCRDTFDHPTLIENESICDEFAPNLKGRPRKKKPCPQRRDSFSGVKDSNNNSDGKAVAKVKCEARSALTKPKNNHNCKKVSNEEKPKVAIGEECRADEQAFLVALYKYMKERKTPIERIPYLGFKQINLWTMFQAAQKLGGYETITARRQWKHIYDELGGNPGSTSAATCTRRHYERLILPYERFIKGEEDKPLPPIKPRKQENSSQENENKTKVSGTKRIKHEIPKSKKEKENAPKPQDAAEVSSEQEKEQETLISQKSIPEPLPAADMKKKIEGYQEFSAKPLASRVDPEKDNETDQGSNSEKVAEEAGEKGPTPPLPSAPLAPEKDSALVPGASKQPLTSPSALVDSKQESKLCCFTESPESEPQEASFPSFPTTQPPLANQNETEDDKLPAMADYIANCTVKVDQLGSDDIHNALKQTPKVLVVQSFDMFKDKDLTGPMNENHGLNYTPLLYSRGNPGIMSPLAKKKLLSQVSGASLSSSYPYGSPPPLISKKKLIARDDLCSSLSQTHHGQSTDHMAVSRPSVIQHVQSFRSKPSEERKTINDIFKHEKLSRSDPHRCSFSKHHLNPLADSYVLKQEIQEGKDKLLEKRALPHSHMPSFLADFYSSPHLHSLYRHTEHHLHNEQTSKYPSRDMYRESENSSFPSHRHQEKLHVNYLTSLHLQDKKSAAAEAPTDDQPTDLSLPKNPHKPTGKVLGLAHSTTGPQESKGISQFQVLGSQSRDCHPKACRVSPMTMSGPKKYPESLSRSGKPHHVRLENFRKMEGMVHPILHRKMSPQNIGAARPIKRSLEDLDLVIAGKKARAVSPLDPSKEVSGKEKASEQESEGSKAAHGGHSGGGSEGHKLPLSSPIFPGLYSGSLCNSGLNSRLPAGYSHSLQYLKNQTVLSPLMQPLAFHSLVMQRGIFTSPTNSQQLYRHLAAATPVGSSYGDLLHNSIYPLAAINPQAAFPSSQLSSVHPSTKL,1188,20,-102,,
Q92747,ARC1A,sp|Q92747|ARC1A_HUMAN,MSLHQFLLEPITCHAWNRDRTQIALSPNNHEVHIYKKNGSQWVKAHELKEHNGHITGIDWAPKSDRIVTCGADRNAYVWSQKDGVWKPTLVILRINRAATFVKWSPLENKFAVGSGARLISVCYFESENDWWVSKHIKKPIRSTVLSLDWHPNNVLLAAGSCDFKCRVFSAYIKEVDEKPASTPWGSKMPFGQLMSEFGGSGTGGWVHGVSFSASGSRLAWVSHDSTVSVADASKSVQVSTLKTEFLPLLSVSFVSENSVVAAGHDCCPMLFNYDDRGCLTFVSKLDIPKQSIQRNMSAMERFRNMDKRATTEDRNTALETLHQNSITQVSIYEVDKQDCRKFCTTGIDGAMTIWDFKTLESSIQGLRIM,370,10,-27,,
Q6DD88,ATLA3,sp|Q6DD88|ATLA3_HUMAN,MLSPQRVAAAASRGADDAMESSKPGPVQVVLVQKDQHSFELDEKALASILLQDHIRDLDVVVVSVAGAFRKGKSFILDFMLRYLYSQKESGHSNWLGDPEEPLTGFSWRGGSDPETTGIQIWSEVFTVEKPGGKKVAVVLMDTQGAFDSQSTVKDCATIFALSTMTSSVQIYNLSQNIQEDDLQQLQLFTEYGRLAMDEIFQKPFQTLMFLVRDWSFPYEYSYGLQGGMAFLDKRLQVKEHQHEEIQNVRNHIHSCFSDVTCFLLPHPGLQVATSPDFDGKLKDIAGEFKEQLQALIPYVLNPSKLMEKEINGSKVTCRGLLEYFKAYIKIYQGEDLPHPKSMLQATAEANNLAAAASAKDIYYNNMEEVCGGEKPYLSPDILEEKHCEFKQLALDHFKKTKKMGGKDFSFRYQQELEEEIKELYENFCKHNGSKNVFSTFRTPAVLFTGIVALYIASGLTGFIGLEVVAQLFNCMVGLLLIALLTWGYIRYSGQYRELGGAIDFGAAYVLEQASSHIGNSTQATVRDAVVGRPSMDKKAQ,541,8,-67,,
Q16611,BAK,sp|Q16611|BAK_HUMAN,MASGQGPGPPRQECGEPALPSASEEQVAQDTEEVFRSYVFYRHQQEQEAEGVAAPADPEMVTLPLQPSSTMGQVGRQLAIIGDDINRRYDSEFQTMLQHLQPTAENAYEYFTKIATSLFESGINWGRVVALLGFGYRLALHVYQHGLTGFLGQVTRFVVDFMLHHCIARWIAQRGGWVAALNLGNGPILNVLVVLGVVLLGQFVVRRFFKS,211,2,-46,,
Q8TCD1,CR032,sp|Q8TCD1|CR032_HUMAN,MVCIPCIVIPVLLWIYKKFLEPYIYPLVSPFVSRIWPKKAIQESNDTNKGKVNFKGADMNGLPTKGPTEICDKKKD,76,3,-6,,
Q96NT0,CC115,sp|Q96NT0|CC115_HUMAN,MAALDLRAELDSLVLQLLGDLEELEGKRTVLNARVEEGWLSLAKARYAMGAKSVGPLQYASHMEPQVCLHASEAQEGLQKFKVVRAGVHAPEEVGPREAGLRRRKGPTKTPEPESSEAPQDPLNWFGILVPHSLRQAQASFRDGLQLAADIASLQNRIDWGRSQLRGLQEKLKQLEPGAA,180,1,-113,,
P04234,CD3D,sp|P04234|CD3D_HUMAN,MEHSTFLSGLVLATLLSQVSPFKIPIEELEDRVFVNCNTSITWVEGTVGTLLSDITRLDLGKRILDPRGIYRCNGTDIYKDKESTVQVHYRMCQSCVELDPATVAGIIVTDVIATLLLALGVFCFAGHETGRLSGAADTQALLRNDQVYQPLRDRDDAQYSHLGGNWARNK,171,5,-48,,
P16070,CD44,sp|P16070|CD44_HUMAN,MDKFWWHAAWGLCLVPLSLAQIDLNITCRFAGVFHVEKNGRYSISRTEAADLCKAFNSTLPTMAQMEKALSIGFETCRYGFIEGHVVIPRIHPNSICAANNTGVYILTSNTSQYDTYCFNASAPPEEDCTSVTDLPNAFDGPITITIVNRDGTRYVQKGEYRTNPEDIYPSNPTDDDVSSGSSSERSSTSGGYIFYTFSTVHPIPDEDSPWITDSTDRIPATTLMSTSATATETATKRQETWDWFSWLFLPSESKNHLHTTTQMAGTSSNTISAGWEPNEENEDERDRHLSFSGSGIDDDEDFISSTISTTPRAFDHTKQNQDWTQWNPSHSNPEVLLQTTTRMTDVDRNGTTAYEGNWNPEAHPPLIHHEHHEEEETPHSTSTIQATPSSTTEETATQKEQWFGNRWHEGYRQTPKEDSHSTTGTAAASAHTSHPMQGRTTPSPEDSSWTDFFNPISHPMGRGHQAGRRMDMDSSHSITLQPTANPNTGLVEDLDRTGPLSMTTQQSNSQSFSTSHEGLEEDKDHPTTSTLTSSNRNDVTGGRRDPNHSEGSTTLLEGYTSHYPHTKESRTFIPVTSAKTGSFGVTAVTVGDSNSNVNRSLSGDQDTFHPSGGSHTTHGSESDGHSHGSQEGGANTTSGPIRTPQIPEWLIILASLLALALILAVCIAVNSRRRCGQKKKLVINSGNGAVEDRKPSGLNGEASKSQEMVHLVNKESSETPDQFMTADETRNLQNVDMKIGV,742,9,-67,,
P08962,CD63,sp|P08962|CD63_HUMAN,MAVEGGMKCVKFLLYVLLLAFCACAVGLIAVGVGAQLVLSQTIIQGATPGSLLPVVIIAVGVFLFLVAFVGCCGACKENYCLMITFAIFLSLIMLVEVAAAIAGYVFRDKVMSEFNNNFRQQMENYPKNNHTASILDRMQADFKCCGAANYTDWEKIPSMSKNRVPDSCCINVTVGCGINFNEKAIHKEGCVEKIGGWLRKNVLVVAAAALGIAFVEVLGIVFACCLVKSIRSGYEVM,238,15,-13,,
P04233,HG2A,sp|P04233|HG2A_HUMAN,MHRRRSRSCREDQKPVMDDQRDLISNNEQLPMLGRRPGAPESKCSRGALYTGFSILVTLLLAGQATTAYFLYQQQGRLDKLTVTSQNLQLENLRMKLPKPPKPVSKMRMATPLLMQALPMGALPQGPMQNATKYGNMTEDHVMHLLQNADPLKVYPPLKGSFPENLRHLKNTMETIDWKVFESWMHHWLLFEMSRHSLEQKPTDAPPKVLTKCQEEVSHIPAVHPGSFRPKCDENGNYLPLQCYGSIGYCWCVFPNGTEVPNTRSRGHHNCSESLELEDPSSGLGVTKQDLGPVPM,296,8,-26,,
P60033,CD81,sp|P60033|CD81_HUMAN,MGVEGCTKCIKYLLFVFNFVFWLAGGVILGVALWLRHDPQTTNLLYLELGDKPAPNTFYVGIYILIAVGAVMMFVGFLGCYGAIQESQCLLGTFFTCLVILFACEVAAGIWGFVNKDQIAKDVKQFYDQALQQAVVDDDANNAKAVVKTFHETLDCCGSSTLTALTTSVLKNNLCPSGSNIISNLFKEDCHQKIDDLFSGKLYLIGIAAIVVAVIMIFEMILSMVLCCGIRNSSVY,236,12,-9,,
P27701,CD82,sp|P27701|CD82_HUMAN,MGSACIKVTKYFLFLFNLIFFILGAVILGFGVWILADKSSFISVLQTSSSSLRMGAYVFIGVGAVTMLMGFLGCIGAVNEVRCLLGLYFAFLLLILIAQVTAGALFYFNMGKLKQEMGGIVTELIRDYNSSREDSLQDAWDYVQAQVKCCGWVSFYNWTDNAELMNRPEVTYPCSCEVKGEEDNSLSVRKGFCEAPGNRTQSGNHPEDWPVYQEGCMEKVQAWLQENLGIILGVGVGVAIIELLGMVLSICLCRHVHSEDYSKVPKY,267,11,-15,,
Q6UUV7,CRTC3,sp|Q6UUV7|CRTC3_HUMAN,MAASPGSGSANPRKFSEKIALHTQRQAEETRAFEQLMTDLTLSRVQFQKLQQLRLTQYHGGSLPNVSQLRSSASEFQPSFHQADNVRGTRHHGLVERPSRNRFHPLHRRSGDKPGRQFDGSAFGANYSSQPLDESWPRQQPPWKDEKHPGFRLTSALNRTNSDSALHTSALSTKPQDPYGGGGQSAWPAPYMGFCDGENNGHGEVASFPGPLKEENLLNVPKPLPKQLWETKEIQSLSGRPRSCDVGGGNAFPHNGQNLGLSPFLGTLNTGGSLPDLTNLHYSTPLPASLDTTDHHFGSMSVGNSVNNIPAAMTHLGIRSSSGLQSSRSNPSIQATLNKTVLSSSLNNHPQTSVPNASALHPSLRLFSLSNPSLSTTNLSGPSRRRQPPVSPLTLSPGPEAHQGFSRQLSSTSPLAPYPTSQMVSSDRSQLSFLPTEAQAQVSPPPPYPAPQELTQPLLQQPRAPEAPAQQPQAASSLPQSDFQLLPAQGSSLTNFFPDVGFDQQSMRPGPAFPQQVPLVQQGSRELQDSFHLRPSPYSNCGSLPNTILPEDSSTSLFKDLNSALAGLPEVSLNVDTPFPLEEELQIEPLSLDGLNMLSDSSMGLLDPSVEETFRADRL,619,3,-79,,
P55060,XPO2,sp|P55060|XPO2_HUMAN,MELSDANLQTLTEYLKKTLDPDPAIRRPAEKFLESVEGNQNYPLLLLTLLEKSQDNVIKVCASVTFKNYIKRNWRIVEDEPNKICEADRVAIKANIVHLMLSSPEQIQKQLSDAISIIGREDFPQKWPDLLTEMVNRFQSGDFHVINGVLRTAHSLFKRYRHEFKSNELWTEIKLVLDAFALPLTNLFKATIELCSTHANDASALRILFSSLILISKLFYSLNFQDLPEFFEDNMETWMNNFHTLLTLDNKLLQTDDEEEAGLLELLKSQICDNAALYAQKYDEEFQRYLPRFVTAIWNLLVTTGQEVKYDLLVSNAIQFLASVCERPHYKNLFEDQNTLTSICEKVIVPNMEFRAADEEAFEDNSEEYIRRDLEGSDIDTRRRAACDLVRGLCKFFEGPVTGIFSGYVNSMLQEYAKNPSVNWKHKDAAIYLVTSLASKAQTQKHGITQANELVNLTEFFVNHILPDLKSANVNEFPVLKADGIKYIMIFRNQVPKEHLLVSIPLLINHLQAESIVVHTYAAHALERLFTMRGPNNATLFTAAEIAPFVEILLTNLFKALTLPGSSENEYIMKAIMRSFSLLQEAIIPYIPTLITQLTQKLLAVSKNPSKPHFNHYMFEAICLSIRITCKANPAAVVNFEEALFLVFTEILQNDVQEFIPYVFQVMSLLLETHKNDIPSSYMALFPHLLQPVLWERTGNIPALVRLLQAFLERGSNTIASAAADKIPGLLGVFQKLIASKANDHQGFYLLNSIIEHMPPESVDQYRKQIFILLFQRLQNSKTTKFIKSFLVFINLYCIKYGALALQEIFDGIQPKMFGMVLEKIIIPEIQKVSGNVEKKICAVGITKLLTECPPMMDTEYTKLWTPLLQSLIGLFELPEDDTIPDEEHFIDIEDTPGYQTAFSQLAFAGKKEHDPVGQMVNNPKIHLAQSLHKLSTACPGRVPSMVSTSLNAEALQYLQGYLQAASVTLL,971,14,-33,,
O43169,CYB5B,sp|O43169|CYB5B_HUMAN,MSGSMATAEASGSDGKGQEVETSVTYYRLEEVAKRNSLKELWLVIHGRVYDVTRFLNEHPGGEEVLLEQAGVDASESFEDVGHSSDAREMLKQYYIGDIHPSDLKPESGSKDPSKNDTCKSCWAYWILPIIGAVLLGFLYRYYTSESKSS,150,2,-29,,
Q9UK59,DBR1,sp|Q9UK59|DBR1_HUMAN,MRVAVAGCCHGELDKIYETLALAERRGPGPVDLLLCCGDFQAVRNEADLRCMAVPPKYRHMQTFYRYYSGEKKAPVLTLFIGGNHEASNHLQELPYGGWVAPNIYYLGLAGVVKYRGVRIGGISGIFKSHDYRKGHFECPPYNSSTIRSIYHVRNIEVYKLKQLKQPIDIFLSHDWPRSIYHYGNKKQLLKTKSFFRQEVENNTLGSPAASELLEHLKPTYWFSAHLHVKFAALMQHQAKDKGQTARATKFLALDKCLPHRDFLQILEIEHDPSAPDYLEYDIEWLTILRATDDLINVTGRLWNMPENNGLHARWDYSATEEGMKEVLEKLNHDLKVPCNFSVTAACYDPSKPQTQMQLIHRINPQTTEFCAQLGIIDINVRLQKSKEEHHVCGEYEEQDDVESNDSGEDQSEYNTDTSALSSINPDEIMLDEEEDEDSIVSAHSGMNTPSVEPSDQASEFSASFSDVRILPGSMIVSSDDTVDSTIDREGKPGGTVESGNGEDLTKVPLKRLSDEHEPEQRKKIKRRNQAIYAAVDDDDDDAA,544,11,-152,,
Q92466,DDB2,sp|Q92466|DDB2_HUMAN,MAPKKRPETQKTSEIVLRPRNKRSRSPLELEPEAKKLCAKGSGPSRRCDSDCLWVGLAGPQILPPCRSIVRTLHQHKLGRASWPSVQQGLQQSFLHTLDSYRILQKAAPFDRRATSLAWHPTHPSTVAVGSKGGDIMLWNFGIKDKPTFIKGIGAGGSITGLKFNPLNTNQFYASSMEGTTRLQDFKGNILRVFASSDTINIWFCSLDVSASSRMVVTGDNVGNVILLNMDGKELWNLRMHKKKVTHVALNPCCDWFLATASVDQTVKIWDLRQVRGKASFLYSLPHRHPVNAACFSPDGARLLTTDQKSEIRVYSASQWDCPLGLIPHPHRHFQHLTPIKAAWHPRYNLIVVGRYPDPNFKSCTPYELRTIDVFDGNSGKMMCQLYDPESSGISSLNEFNPMGDTLASAMGYHILIWSQEEARTRK,427,11,-44,,
Q15392,DHC24,sp|Q15392|DHC24_HUMAN,MEPAVSLAVCALLFLLWVRLKGLEFVLIHQRWVFVCLFLLPLSLIFDIYYYVRAWVVFKLSSAPRLHEQRVRDIQKQVREWKEQGSKTFMCTGRPGWLTVSLRVGKYKKTHKNIMINLMDILEVDTKKQIVRVEPLVTMGQVTALLTSIGWTLPVLPELDDLTVGGLIMGTGIESSSHKYGLFQHICTAYELVLADGSFVRCTPSENSDLFYAVPWSCGTLGFLVAAEIRIIPAKKYVKLRFEPVRGLEAICAKFTHESQRQENHFVEGLLYSLDEAVIMTGVMTDEAEPSKLNSIGNYYKPWFFKHVENYLKTNREGLEYIPLRHYYHRHTRSIFWELQDIIPFGNNPIFRYLFGWMVPPKISLLKLTQGETLRKLYEQHHVVQDMLVPMKCLQQALHTFQNDIHVYPIWLCPFILPSQPGLVHPKGNEAELYIDIGAYGEPRVKHFEARSCMRQLEKFVRSVHGFQMLYADCYMNREEFWEMFDGSLYHKLREKLGCQDAFPEVYDKICKAARH,516,13,-6,,
Q9P2X0,DPM3,sp|Q9P2X0|DPM3_HUMAN,MTKLAQWLWGLAILGSTWVALTTGALGLELPLSCQEVLWPLPAYLLVSAGCYALGTVGYRVATFHDCEDAARELQSQIQEARADLARRGLRF,92,3,-26,,
O75521,ECI2,sp|O75521|ECI2_HUMAN,MAMAYLAWRLARRSCPSSLQVTSFPVVQLHMNRTAMRASQKDFENSMNQVKLLKKDPGNEVKLKLYALYKQATEGPCNMPKPGVFDLINKAKWDAWNALGSLPKEAARQNYVDLVSSLSPSLESSSQVEPGTDRKSTGFETLVVTSEDGITKIMFNRPKKKNAINTEMYHEIMRALKAASKDDSIITVLTGNGDYYSSGNDLTNFTDIPPGGVEEKAKNNAVLLREFVGCFIDFPKPLIAVVNGPAVGISVTLLGLFDAVYASDRATFHTPFSHLGQSPEGCSSYTFPKIMSPAKATEMLIFGKKLTAGEACAQGLVTEVFPDSTFQKEVWTRLKAFAKLPPNALRISKEVIRKREREKLHAVNAEECNVLQGRWLSDECTNAVVNFLSRKSKL,394,7,-15,,
P20042,IF2B,sp|P20042|IF2B_HUMAN,MSGDEMIFDPTMSKKKKKKKKPFMLDEEGDTQTEETQPSETKEVEPEPTEDKDLEADEEDTRKKDASDDLDDLNFFNQKKKKKKTKKIFDIDEAEEGVKDLKIESDVQEPTEPEDDLDIMLGNKKKKKKNVKFPDEDEILEKDEALEDEDNKKDDGISFSNQTGPAWAGSERDYTYEELLNRVFNIMREKNPDMVAGEKRKFVMKPPQVVRVGTKKTSFVNFTDICKLLHRQPKHLLAFLLAELGTSGSIDGNNQLVIKGRFQQKQIENVLRRYIKEYVTCHTCRSPDTILQKDTRLYFLQCETCHSRCSVASIKTGFQAVTGKRAQLRAKAN,333,6,-25,,
Q14152,EIF3A,sp|Q14152|EIF3A_HUMAN,MPAYFQRPENALKRANEFLEVGKKQPALDVLYDVMKSKKHRTWQKIHEPIMLKYLELCVDLRKSHLAKEGLYQYKNICQQVNIKSLEDVVRAYLKMAEEKTEAAKEESQQMVLDIEDLDNIQTPESVLLSAVSGEDTQDRTDRLLLTPWVKFLWESYRQCLDLLRNNSRVERLYHDIAQQAFKFCLQYTRKAEFRKLCDNLRMHLSQIQRHHNQSTAINLNNPESQSMHLETRLVQLDSAISMELWQEAFKAVEDIHGLFSLSKKPPKPQLMANYYNKVSTVFWKSGNALFHASTLHRLYHLSREMRKNLTQDEMQRMSTRVLLATLSIPITPERTDIARLLDMDGIIVEKQRRLATLLGLQAPPTRIGLINDMVRFNVLQYVVPEVKDLYNWLEVEFNPLKLCERVTKVLNWVREQPEKEPELQQYVPQLQNNTILRLLQQVSQIYQSIEFSRLTSLVPFVDAFQLERAIVDAARHCDLQVRIDHTSRTLSFGSDLNYATREDAPIGPHLQSMPSEQIRNQLTAMSSVLAKALEVIKPAHILQEKEEQHQLAVTAYLKNSRKEHQRILARRQTIEERKERLESLNIQREKEELEQREAELQKVRKAEEERLRQEAKEREKERILQEHEQIKKKTVRERLEQIKKTELGAKAFKDIDIEDLEELDPDFIMAKQVEQLEKEKKELQERLKNQEKKIDYFERAKRLEEIPLIKSAYEEQRIKDMDLWEQQEEERITTMQLEREKALEHKNRMSRMLEDRDLFVMRLKAARQSVYEEKLKQFEERLAEERHNRLEERKRQRKEERRITYYREKEEEEQRRAEEQMLKEREERERAERAKREEELREYQERVKKLEEVERKKRQRELEIEERERRREEERRLGDSSLSRKDSRWGDRDSEGTWRKGPEADSEWRRGPPEKEWRRGEGRDEDRSHRRDEERPRRLGDDEDREPSLRPDDDRVPRRGMDDDRGPRRGPEEDRFSRRGADDDRPSWRNTDDDRPPRRIADEDRGNWRHADDDRPPRRGLDEDRGSWRTADEDRGPRRGMDDDRGPRRGGADDERSSWRNADDDRGPRRGLDDDRGPRRGMDDDRGPRRGMDDDRGPRRGMDDDRGPRRGLDDDRGPWRNADDDRIPRRGAEDDRGPWRNMDDDRLSRRADDDRFPRRGDDSRPGPWRPLVKPGGWREKEKAREESWGPPRESRPSEEREWDREKERDRDNQDREENDKDPERERDRERDVDREDRFRRPRDEGGWRRGPAEESSSWRDSSRRDDRDRDDRRRERDDRRDLRERRDLRDDRDRRGPPLRSEREEVSSWRRADDRKDDRVEERDPPRRVPPPALSRDRERDRDREREGEKEKASWRAEKDRESLRRTKNETDEDGWTTVRR,1382,7,-905,,
P50402,EMD,sp|P50402|EMD_HUMAN,MDNYADLSDTELTTLLRRYNIPHGPVVGSTRRLYEKKIFEYETQRRRLSPPSSSAASSYSFSDLNSTRGDADMYDLPKKEDALLYQSKGYNDDYYEESYFTTRTYGEPESAGPSRAVRQSVTSFPDADAFHHQVHDDDLLSSSEEECKDRERPMYGRDSAYQSITHYRPVSASRSSLDLSYYPTSSSTSFMSSSSSSSSWLTRRAIRPENRAPGAGLGQDRQVPLWGQLLLFLVFVIVLFFIYHFMQAEEGNPF,254,1,-108,,
Q969X5,ERGI1,sp|Q969X5|ERGI1_HUMAN,MPFDFRRFDIYRKVPKDLTQPTYTGAIISICCCLFILFLFLSELTGFITTEVVNELYVDDPDKDSGGKIDVSLNISLPNLHCELVGLDIQDEMGRHEVGHIDNSMKIPLNNGAGCRFEGQFSINKVPGNFHVSTHSATAQPQNPDMTHVIHKLSFGDTLQVQNIHGAFNALGGADRLTSNPLASHDYILKIVPTVYEDKSGKQRYSYQYTVANKEYVAYSHTGRIIPAIWFRYDLSPITVKYTERRQPLYRFITTICAIIGGTFTVAGILDSCIFTASEAWKKIQLGKMH,290,7,-18,,
Q7Z2K6,ERMP1,sp|Q7Z2K6|ERMP1_HUMAN,MEWGSESAAVRRHRVGVERREGAAAAPPPEREARAQEPLVDGCSGGGRTRKRSPGGSGGASRGAGTGLSEVRAALGLALYLIALRTLVQLSLQQLVLRGAAGHRGEFDALQARDYLEHITSIGPRTTGSPENEILTVHYLLEQIKLIEVQSNSLHKISVDVQRPTGSFSIDFLGGFTSYYDNITNVVVKLEPRDGAQHAVLANCHFDSVANSPGASDDAVSCSVMLEVLRVLSTSSEALHHAVIFLFNGAEENVLQASHGFITQHPWASLIRAFINLEAAGVGGKELVFQTGPENPWLVQAYVSAAKHPFASVVAQEVFQSGIIPSDTDFRIYRDFGNIPGIDLAFIENGYIYHTKYDTADRILTDSIQRAGDNILAVLKHLATSDMLAAASKYRHGNMVFFDVLGLFVIAYPSRIGSIINYMVVMGVVLYLGKKFLQPKHKTGNYKKDFLCGLGITLISWFTSLVTVLIIAVFISLIGQSLSWYNHFYVSVCLYGTATVAKIILIHTLAKRFYYMNASAQYLGEVFFDISLFVHCCFLVTLTYQGLCSAFISAVWVAFPLLTKLCVHKDFKQHGAQGKFIAFYLLGMFIPYLYALYLIWAVFEMFTPILGRSGSEIPPDVVLASILAGCTMILSSYFINFIYLAKSTKKTMLTLTLVCAITFLLVCSGTFFPYSSNPANPKPKRVFLQHMTRTFHDLEGNAVKRDSGIWINGFDYTGISHITPHIPEINDSIRAHCEENAPLCGFPWYLPVHFLIRKNWYLPAPEVSPRNPPHFRLISKEQTPWDSIKLTFEATGPSHMSFYVRAHKGSTLSQWSLGNGTPVTSKGGDYFVFYSHGLQASAWQFWIEVQVSEEHPEGMVTVAIAAHYLSGEDKRSPQLDALKEKFPDWTFPSAWVCTYDLFVF,904,15,-8,,
P13804,ETFA,sp|P13804|ETFA_HUMAN,MFRAAAPGQLRRAASLLRFQSTLVIAEHANDSLAPITLNTITAATRLGGEVSCLVAGTKCDKVAQDLCKVAGIAKVLVAQHDVYKGLLPEELTPLILATQKQFNYTHICAGASAFGKNLLPRVAAKLEVAPISDIIAIKSPDTFVRTIYAGNALCTVKCDEKVKVFSVRGTSFDAAATSGGSASSEKASSTSPVEISEWLDQKLTKSDRPELTGAKVVVSGGRGLKSGENFKLLYDLADQLHAAVGASRAAVDAGFVPNDMQVGQTGKIVAPELYIAVGISGAIQHLAGMKDSKTIVAINKDPEAPIFQVADYGIVADLFKVVPEMTEILKKK,333,6,-175,,
Q16134,ETFD,sp|Q16134|ETFD_HUMAN,MLVPLAKLSCLAYQCFHALKIKKNYLPLCATRWSSTSTVPRITTHYTIYPRDKDKRWEGVNMERFAEEADVVIVGAGPAGLSAAVRLKQLAVAHEKDIRVCLVEKAAQIGAHTLSGACLDPGAFKELFPDWKEKGAPLNTPVTEDRFGILTEKYRIPVPILPGLPMNNHGNYIVRLGHLVSWMGEQAEALGVEVYPGYAAAEVLFHDDGSVKGIATNDVGIQKDGAPKATFERGLELHAKVTIFAEGCHGHLAKQLYKKFDLRANCEPQTYGIGLKELWVIDEKNWKPGRVDHTVGWPLDRHTYGGSFLYHLNEGEPLVALGLVVGLDYQNPYLSPFREFQRWKHHPSIRPTLEGGKRIAYGARALNEGGFQSIPKLTFPGGLLIGCSPGFMNVPKIKGTHTAMKSGILAAESIFNQLTSENLQSKTIGLHVTEYEDNLKNSWVWKELYSVRNIRPSCHGVLGVYGGMIYTGIFYWILRGMEPWTLKHKGSDFERLKPAKDCTPIEYPKPDGQISFDLLSSVALSGTNHEHDQPAHLTLRDDSIPVNRNLSIYDGPEQRFCPAGVYEFVPVEQGDGFRLQINAQNCVHCKTCDIKDPSQNINWVVPEGGGGPAYNGM,617,14,-26,,
Q96A26,F162A,sp|Q96A26|F162A_HUMAN,MGSLSGLRLAAGSCFRLCERDVSSSLRLTRSSDLKRINGFCTKPQESPGAPSRTYNRVPLHKPTDWQKKILIWSGRFKKEDEIPETVSLEMLDAAKNKMRVKISYLMIALTVVGCIFMVIEGKKAAQRHETLTSLNLEKKARLKEEAAMKAKTE,154,4,-40,,
P37268,FDFT,sp|P37268|FDFT_HUMAN,MEFVKCLGHPEEFYNLVRFRIGGKRKVMPKMDQDSLSSSLKTCYKYLNQTSRSFAAVIQALDGEMRNAVCIFYLVLRALDTLEDDMTISVEKKVPLLHNFHSFLYQPDWRFMESKEKDRQVLEDFPTISLEFRNLAEKYQTVIADICRRMGIGMAEFLDKHVTSEQEWDKYCHYVAGLVGIGLSRLFSASEFEDPLVGEDTERANSMGLFLQKTNIIRDYLEDQQGGREFWPQEVWSRYVKKLGDFAKPENIDLAVQCLNELITNALHHIPDVITYLSRLRNQSVFNFCAIPQVMAIATLAACYNNQQVFKGAVKIRKGQAVTLMMDATNMPAVKAIIYQYMEEIYHRIPDSDPSSSKTRQIISTIRTQNLPNCQLISRSHYSPIYLSFVMLLAALSWQYLTTLSQVTEDYVQTGEH,417,9,-44,,
Q8N3X1,FNBP4,sp|Q8N3X1|FNBP4_HUMAN,MGKKSRAVPGRRPILQLSPPGPRGSTPGRDPEPEPDTEPDSTAAVPSQPAPSAATTTTTAVTAAAASDDSPSEDEQEAVQEVPRVVQNPPKPVMTTRPTAVKATGGLCLLGAYADSDDDDNDVSEKLAQSKETNGNQSTDIDSTLANFLAEIDAITAPQPAAPVGASAPPPTPPRPEPKEAATSTLSSSTSNGTDSTQTSGWQYDTQCSLAGVGIEMGDWQEVWDENTGCYYYWNTQTNEVTWELPQYLATQVQGLQHYQPSSVPGAETSFVVNTDIYSKEKTISVSSSKSGPVIAKREVKKEVNEGIQALSNSEEEKKGVAASLLAPLLPEGIKEEEERWRRKVICKEEPVSEVKETSTTVEEATTIVKPQEIMLDNIEDPSQEDLCSVVQSGESEEEEEQDTLELELVLERKKAELRALEEGDGSVSGSSPRSDISQPASQDGMRRLMSKRGKWKMFVRATSPESTSRSSSKTGRDTPENGETAIGAENSEKIDENSDKEMEVEESPEKIKVQTTPKVEEEQDLKFQIGELANTLTSKFEFLGINRQSISNFHVLLLQTETRIADWREGALNGNYLKRKLQDAAEQLKQYEINATPKGWSCHWDRDHRRYFYVNEQSGESQWEFPDGEEEEEESQAQENRDETLAKQTLKDKTGTDSNSTESSETSTGSLCKESFSGQVSSSSLMPLTPFWTLLQSNVPVLQPPLPLEMPPPPPPPPESPPPPPPPPPPAEDGEIQEVEMEDEGSEEPPAPGTEEDTPLKPSAQTTVVTSQSSVDSTISSSSSTKGIKRKATEISTAVVQRSATIGSSPVLYSQSAIATGHQAAGIGNQATGIGHQTIPVSLPAAGMGHQARGMSLQSNYLGLAAAPAIMSYAECSVPIGVTAPSLQPVQARGAVPTATIIEPPPPPPPPPPPPPPAPKMPPPEKTKKGRKDKAKKSKTKMPSLVKKWQSIQRELDEEDNSSSSEEDRESTAQKRIEEWKQQQLVSGMAERNANFEALPEDWRARLKRRKMAPNT,1017,8,-141,,
P53701,CCHL,sp|P53701|CCHL_HUMAN,MGLSPSAPAVAVQASNASASPPSGCPMHEGKMKGCPVNTEPSGPTCEKKTYSVPAHQERAYEYVECPIRGTAAENKENLDPSNLMPPPNQTPAPDQPFALSTVREESSIPRADSEKKWVYPSEQMFWNAMLKKGWKWKDEDISQKDMYNIIRIHNQNNEQAWKEILKWEALHAAECPCGPSLIRFGGKAKEYSPRARIRSWMGYELPFDRHDWIINRCGTEVRYVIDYYDGGEVNKDYQFTILDVRPALDSLSAVWDRMKVAWWRWTS,268,7,-51,,
P30519,HMOX2,sp|P30519|HMOX2_HUMAN,MSAEVETSEGVDESEKKNSGALEKENQMRMADLSELLKEGTKEAHDRAENTQFVKDFLKGNIKKELFKLATTALYFTYSALEEEMERNKDHPAFAPLYFPMELHRKEALTKDMEYFFGENWEEQVQCPKAAQKYVERIHYIGQNEPELLVAHAYTRYMGDLSGGQVLKKVAQRALKLPSTGEGTQFYLFENVDNAQQFKQLYRARMNALDLNMKTKERIVEEANKAFEYNMQIFNELDQAGSTLARETLEDGFPVHDGKGDMRKCPFYAAEQDKGALEGSSCPFRTAMAVLRKPSLQFILAAGVALAAGLLAWYYM,316,3,-35,,
P51659,DHB4,sp|P51659|DHB4_HUMAN,MGSPLRFDGRVVLVTGAGAGLGRAYALAFAERGALVVVNDLGGDFKGVGKGSLAADKVVEEIRRRGGKAVANYDSVEEGEKVVKTALDAFGRIDVVVNNAGILRDRSFARISDEDWDIIHRVHLRGSFQVTRAAWEHMKKQKYGRIIMTSSASGIYGNFGQANYSAAKLGLLGLANSLAIEGRKSNIHCNTIAPNAGSRMTQTVMPEDLVEALKPEYVAPLVLWLCHESCEENGGLFEVGAGWIGKLRWERTLGAIVRQKNHPMTPEAVKANWKKICDFENASKPQSIQESTGSIIEVLSKIDSEGGVSANHTSRATSTATSGFAGAIGQKLPPFSYAYTELEAIMYALGVGASIKDPKDLKFIYEGSSDFSCLPTFGVIIGQKSMMGGGLAEIPGLSINFAKVLHGEQYLELYKPLPRAGKLKCEAVVADVLDKGSGVVIIMDVYSYSEKELICHNQFSLFLVGSGGFGGKRTSDKVKVAVAIPNRPPDAVLTDTTSLNQAALYRLSGDWNPLHIDPNFASLAGFDKPILHGLCTFGFSARRVLQQFADNDVSRFKAIKARFAKPVYPGQTLQTEMWKEGNRIHFQTKVQETGDIVISNAYVDLAPTSGTSAKTPSEGGKLQSTFVFEEIGRRLKDIGPEVVKKVNAVFEWHITKGGNIGAKWTIDLKSGSGKVYQGPAKGAADTTIILSDEDFMEVVLGKLDPQKAFFSGRLKARGNIMLSQKLQMILKDYAKL,736,8,-202,,
Q9NZL4,HPBP1,sp|Q9NZL4|HPBP1_HUMAN,MSDEGSRGSRLPLALPPASQGCSSGGGGGGSSAGGSGNSRPPRNLQGLLQMAITAGSEEPDPPPEPMSEERRQWLQEAMSAAFRGQREEVEQMKSCLRVLSQPMPPTAGEAEQAADQQEREGALELLADLCENMDNAADFCQLSGMHLLVGRYLEAGAAGLRWRAAQLIGTCSQNVAAIQEQVLGLGALRKLLRLLDRDACDTVRVKALFAISCLVREQEAGLLQFLRLDGFSVLMRAMQQQVQKLKVKSAFLLQNLLVGHPEHKGTLCSMGMVQQLVALVRTEHSPFHEHVLGALCSLVTDFPQGVRECREPELGLEELLRHRCQLLQQHEEYQEELEFCEKLLQTCFSSPADDSMDR,359,13,-12,,
Q9Y6W8,ICOS,sp|Q9Y6W8|ICOS_HUMAN,MKSGLWYFFLFCLRIKVLTGEINGSANYEMFIFHNGGVQILCKYPDIVQQFKMQLLKGGQILCDLTKTKGSGNTVSIKSLKFCHSQLSNNSVSFFLYNLDHSHANYYFCNLSIFDPPPFKVTLTGGYLHIYESQLCCQLKFWLPIGCAAFVVVCILGCILICWLTKKKYSSSVHDPNGEYMFMRAVNTAKKSRLTDVTL,199,11,-38,,
P13164,IFM1,sp|P13164|IFM1_HUMAN,MHKEEHEVAVLGPPPSTILPRSTVINIHSETSVPDHVVWSLFNTLFLNWCCLGFIAFAYSVKSRDRKMVGDVTGAQAYASTAKCLNIWALILGILMTIGFILLLVFGSVTVYHIMLQIIQEKRGY,125,3,-42,,
Q8WZA9,IRGQ,sp|Q8WZA9|IRGQ_HUMAN,MPPPQGDVTALFLGPPGLGKSALIAALCDKDVETLEAPEGRPDSGVPSLRAAGPGLFLGELSCPPAAPGPWAAEANVLVLVLPGPEGNGEPLAPALGEAALAALARGTPLLAVRNLRPGDSQTAAQARDQTAALLNSAGLGAADLFVLPANCGSSDGCEELERLRAALQSQAEALRRLLPPAQDGFEVLGAAELEAVREAFETGGLEAALSWVRSGLERLGSARLDLAVAGKADVGLVVDMLLGLDPGDPGAAPASVPTAPTPFPAPERPNVVLWTVPLGHTGTATTAAAASHPTHYDALILVTPGAPTEKDWAQVQALLLPDAPLVCVRTDGEGEDPECLGEGKMENPKGESLKNAGGGGLENALSKGREKCSAGSQKAGSGEGPGKAGSEGLQQVVGMKKSGGGDSERAAALSPEDETWEVLEEAPPPVFPLRPGGLPGLCEWLRRALPPAQAGALLLALPPASPSAARTKAAALRAGAWRPALLASLAAAAAPLPGLGWACDVALLRGQLAEWRRGLGLEPTALARRERALGLASGELAARAHFPGPVTRAEVEARLGAWAGEGTAGGAALGALSFLWPAGGAAATGGLGYRAAHGVLLQALDEMRADAEAVLAPPEPAQ,623,9,-120,,
P13473,LAMP2,sp|P13473|LAMP2_HUMAN,MVCFRLFPVPGSGLVLVCLVLGAVRSYALELNLTDSENATCLYAKWQMNFTVRYETTNKTYKTVTISDHGTVTYNGSICGDDQNGPKIAVQFGPGFSWIANFTKAASTYSIDSVSFSYNTGDNTTFPDAEDKGILTVDELLAIRIPLNDLFRCNSLSTLEKNDVVQHYWDVLVQAFVQNGTVSTNEFLCDKDKTSTVAPTIHTTVPSPTTTPTPKEKPEAGTYSVNNGNDTCLLATMGLQLNITQDKVASVININPNTTHSTGSCRSHTALLRLNSSTIKYLDFVFAVKNENRFYLKEVNISMYLVNGSVFSIANNNLSYWDAPLGSSYMCNKEQTVSVSGAFQINTFDLRVQPFNVTQGKYSTAQDCSADDDNFLVPIAVGAALAGVLILVLLAYFIGLKHHHAGYEQF,410,10,-43,,
O43813,LANC1,sp|O43813|LANC1_HUMAN,MAQRAFPNPYADYNKSLAEGYFDAAGRLTPEFSQRLTNKIRELLQQMERGLKSADPRDGTGYTGWAGIAVLYLHLYDVFGDPAYLQLAHGYVKQSLNCLTKRSITFLCGDAGPLAVAAVLYHKMNNEKQAEDCITRLIHLNKIDPHAPNEMLYGRIGYIYALLFVNKNFGVEKIPQSHIQQICETILTSGENLARKRNFTAKSPLMYEWYQEYYVGAAHGLAGIYYYLMQPSLQVSQGKLHSLVKPSVDYVCQLKFPSGNYPPCIGDNRDLLVHWCHGAPGVIYMLIQAYKVFREEKYLCDAYQCADVIWQYGLLKKGYGLCHGSAGNAYAFLTLYNLTQDMKYLYRACKFAEWCLEYGEHGCRTPDTPFSLFEGMAGTIYFLADLLVPTKARFPAFEL,399,13,-37,,
O43561,LAT,sp|O43561|LAT_HUMAN,MEEAILVPCVLGLLLLPILAMLMALCVHCHRLPGSYDSTSSDSLYPRGIQFKRPHTVAPWPPAYPPVTSYPPLSQPDLLPIPRSPQPLGGSHRTPSSRRDSDGANSVASYENEGASGIRGAQAGWGVWGPSWTRLTPVSLPPEPACEDADEDEDDYHNPGYLVVLPDSTPATSTAAPSAPALSTPGIRDSAFSMESIDDYVNVPESGESAEASLDGSREYVNVSQELHPGAAKTEPAALSSQEAEEVEEEGAPDYENLQELN,262,4,-117,,
P20645,MPRD,sp|P20645|MPRD_HUMAN,MFPFYSCWRTGLLLLLLAVAVRESWQTEEKTCDLVGEKGKESEKELALVKRLKPLFNKSFESTVGQGSDTYIYIFRVCREAGNHTSGAGLVQINKSNGKETVVGRLNETHIFNGSNWIMLIYKGGDEYDNHCGKEQRRAVVMISCNRHTLADNFNPVSEERGKVQDCFYLFEMDSSLACSPEISHLSVGSILLVTFASLVAVYVVGGFLYQRLVVGAKGMEQFPHLAFWQDLGNLVADGCDFVCRSKPRNVPAAYRGVGDDQLGEESEERDDHLLPM,277,9,-34,,
Q9P015,RM15,sp|Q9P015|RM15_HUMAN,MAGPLQGGGARALDLLRGLPRVSLANLKPNPGSKKPERRPRGRRRGRKCGRGHKGERQRGTRPRLGFEGGQTPFYIRIPKYGFNEGHSFRRQYKPLSLNRLQYLIDLGRVDPSQPIDLTQLVNGRGVTIQPLKRDYGVQLVEEGADTFTAKVNIEVQLASELAIAAIEKNGGVVTTAFYDPRSLDIVCKPVPFFLRGQPIPKRMLPPEELVPYYTDAKNRGYLADPAKFPEARLELARKYGYILPDITKDELFKMLCTRKDPRQIFFGLAPGWVVNMADKKILKPTDENLLKYYTS,296,3,-40,,
Q9P0M9,RM27,sp|Q9P0M9|RM27_HUMAN,MASVVLALRTRTAVTSLLSPTPATALAVRYASKKSGGSSKNLGGKSSGRRQGIKKMEGHYVHAGNIIATQRHFRWHPGAHVGVGKNKCLYALEEGIVRYTKEVYVPHPRNTEAVDLITRLPKGAVLYKTFVHVVPAKPEGTFKLVAML,148,1,-61,,
P13533,MYH6,sp|P13533|MYH6_HUMAN,MTDAQMADFGAAAQYLRKSEKERLEAQTRPFDIRTECFVPDDKEEFVKAKILSREGGKVIAETENGKTVTVKEDQVLQQNPPKFDKIEDMAMLTFLHEPAVLFNLKERYAAWMIYTYSGLFCVTVNPYKWLPVYNAEVVAAYRGKKRSEAPPHIFSISDNAYQYMLTDRENQSILITGESGAGKTVNTKRVIQYFASIAAIGDRGKKDNANANKGTLEDQIIQANPALEAFGNAKTVRNDNSSRFGKFIRIHFGATGKLASADIETYLLEKSRVIFQLKAERNYHIFYQILSNKKPELLDMLLVTNNPYDYAFVSQGEVSVASIDDSEELMATDSAFDVLGFTSEEKAGVYKLTGAIMHYGNMKFKQKQREEQAEPDGTEDADKSAYLMGLNSADLLKGLCHPRVKVGNEYVTKGQSVQQVYYSIGALAKAVYEKMFNWMVTRINATLETKQPRQYFIGVLDIAGFEIFDFNSFEQLCINFTNEKLQQFFNHHMFVLEQEEYKKEGIEWTFIDFGMDLQACIDLIEKPMGIMSILEEECMFPKATDMTFKAKLYDNHLGKSNNFQKPRNIKGKQEAHFSLIHYAGTVDYNILGWLEKNKDPLNETVVALYQKSSLKLMATLFSSYATADTGDSGKSKGGKKKGSSFQTVSALHRENLNKLMTNLRTTHPHFVRCIIPNERKAPGVMDNPLVMHQLRCNGVLEGIRICRKGFPNRILYGDFRQRYRILNPVAIPEGQFIDSRKGTEKLLSSLDIDHNQYKFGHTKVFFKAGLLGLLEEMRDERLSRIITRMQAQARGQLMRIEFKKIVERRDALLVIQWNIRAFMGVKNWPWMKLYFKIKPLLKSAETEKEMATMKEEFGRIKETLEKSEARRKELEEKMVSLLQEKNDLQLQVQAEQDNLNDAEERCDQLIKNKIQLEAKVKEMNERLEDEEEMNAELTAKKRKLEDECSELKKDIDDLELTLAKVEKEKHATENKVKNLTEEMAGLDEIIAKLTKEKKALQEAHQQALDDLQVEEDKVNSLSKSKVKLEQQVDDLEGSLEQEKKVRMDLERAKRKLEGDLKLTQESIMDLENDKLQLEEKLKKKEFDINQQNSKIEDEQVLALQLQKKLKENQARIEELEEELEAERTARAKVEKLRSDLSRELEEISERLEEAGGATSVQIEMNKKREAEFQKMRRDLEEATLQHEATAAALRKKHADSVAELGEQIDNLQRVKQKLEKEKSEFKLELDDVTSNMEQIIKAKANLEKVSRTLEDQANEYRVKLEEAQRSLNDFTTQRAKLQTENGELARQLEEKEALISQLTRGKLSYTQQMEDLKRQLEEEGKAKNALAHALQSARHDCDLLREQYEEETEAKAELQRVLSKANSEVAQWRTKYETDAIQRTEELEEAKKKLAQRLQDAEEAVEAVNAKCSSLEKTKHRLQNEIEDLMVDVERSNAAAAALDKKQRNFDKILAEWKQKYEESQSELESSQKEARSLSTELFKLKNAYEESLEHLETFKRENKNLQEEISDLTEQLGEGGKNVHELEKVRKQLEVEKLELQSALEEAEASLEHEEGKILRAQLEFNQIKAEIERKLAEKDEEMEQAKRNHQRVVDSLQTSLDAETRSRNEVLRVKKKMEGDLNEMEIQLSHANRMAAEAQKQVKSLQSLLKDTQIQLDDAVRANDDLKENIAIVERRNNLLQAELEELRAVVEQTERSRKLAEQELIETSERVQLLHSQNTSLINQKKKMESDLTQLQSEVEEAVQECRNAEEKAKKAITDAAMMAEELKKEQDTSAHLERMKKNMEQTIKDLQHRLDEAEQIALKGGKKQLQKLEARVRELEGELEAEQKRNAESVKGMRKSERRIKELTYQTEEDKKNLLRLQDLVDKLQLKVKAYKRQAEEAEEQANTNLSKFRKVQHELDEAEERADIAESQVNKLRAKSRDIGAKQKMHDEE,1939,14,-190,,
O95169,NDUB8,sp|O95169|NDUB8_HUMAN,MAVARAGVLGVQWLQRASRNVMPLGARTASHMTKDMFPGPYPRTPEERAAAAKKYNMRVEDYEPYPDDGMGYGDYPKLPDRSQHERDPWYSWDQPGLRLNWGEPMHWHLDMYNRNRVDTSPTPVSWHVMCMQLFGFLAFMIFMCWVGDVYPVYQPVGPKQYPYNNLYLERGGDPSKEPERVVHYEI,186,2,-43,,
Q9NX40,OCAD1,sp|Q9NX40|OCAD1_HUMAN,MNGRADFREPNAEVPRPIPHIGPDYIPTEEERRVFAECNDESFWFRSVPLAATSMLITQGLISKGILSSHPKYGSIPKLILACIMGYFAGKLSYVKTCQEKFKKLENSPLGEALRSGQARRSSPPGHYYQKSKYDSSVSGQSSFVTSPAADNIEMLPHYEPIPFSSSMNESAPTGITDHIVQGPDPNLEESPKRKNITYEELRNKNRESYEVSLTQKTDPSVRPMHERVPKKEVKVNKYGDTWDE,245,3,-148,,
Q15154,PCM1,sp|Q15154|PCM1_HUMAN,MATGGGPFEDGMNDQDLPNWSNENVDDRLNNMDWGAQQKKANRSSEKNKKKFGVESDKRVTNDISPESSPGVGRRRTKTPHTFPHSRYMSQMSVPEQAELEKLKQRINFSDLDQRSIGSDSQGRATAANNKRQLSENRKPFNFLPMQINTNKSKDASTNPPNRETIGSAQCKELFASALSNDLLQNCQVSEEDGRGEPAMESSQIVSRLVQIRDYITKASSMREDLVEKNERSANVERLTHLIDHLKEQEKSYMKFLKKILARDPQQEPMEEIENLKKQHDLLKRMLQQQEQLRALQGRQAALLALQHKAEQAIAVMDDSVVAETAGSLSGVSITSELNEELNDLIQRFHNQLRDSQPPAVPDNRRQAESLSLTREVSQSRKPSASERLPDEKVELFSKMRVLQEKKQKMDKLLGELHTLRDQHLNNSSSSPQRSVDQRSTSAPSASVGLAPVVNGESNSLTSSVPYPTASLVSQNESENEGHLNPSEKLQKLNEVRKRLNELRELVHYYEQTSDMMTDAVNENRKDEETEESEYDSEHENSEPVTNIRNPQVASTWNEVNSHSNAQCVSNNRDGRTVNSNCEINNRSAANIRALNMPPSLDCRYNREGEQEIHVAQGEDDEEEEEEAEEEGVSGASLSSHRSSLVDEHPEDAEFEQKINRLMAAKQKLRQLQDLVAMVQDDDAAQGVISASASNLDDFYPAEEDTKQNSNNTRGNANKTQKDTGVNEKAREKFYEAKLQQQQRELKQLQEERKKLIDIQEKIQALQTACPDLQLSAASVGNCPTKKYMPAVTSTPTVNQHETSTSKSVFEPEDSSIVDNELWSEMRRHEMLREELRQRRKQLEALMAEHQRRQGLAETASPVAVSLRSDGSENLCTPQQSRTEKTMATWGGSTQCALDEEGDEDGYLSEGIVRTDEEEEEEQDASSNDNFSVCPSNSVNHNSYNGKETKNRWKNNCPFSADENYRPLAKTRQQNISMQRQENLRWVSELSYVEEKEQWQEQINQLKKQLDFSVSICQTLMQDQQTLSCLLQTLLTGPYSVMPSNVASPQVHFIMHQLNQCYTQLTWQQNNVQRLKQMLNELMRQQNQHPEKPGGKERGSSASHPPSPSLFCPFSFPTQPVNLFNIPGFTNFSSFAPGMNFSPLFPSNFGDFSQNISTPSEQQQPLAQNSSGKTEYMAFPKPFESSSSIGAEKPRNKKLPEEEVESSRTPWLYEQEGEVEKPFIKTGFSVSVEKSTSSNRKNQLDTNGRRRQFDEESLESFSSMPDPVDPTTVTKTFKTRKASAQASLASKDKTPKSKSKKRNSTQLKSRVKNIRYESASMSSTCEPCKSRNRHSAQTEEPVQAKVFSRKNHEQLEKIIKCNRSTEISSETGSDFSMFEALRDTIYSEVATLISQNESRPHFLIELFHELQLLNTDYLRQRALYALQDIVSRHISESHEKGENVKSVNSGTWIASNSELTPSESLATTDDETFEKNFERETHKISEQNDADNASVLSVSSNFEPFATDDLGNTVIHLDQALARMREYERMKTEAESNSNMRCTCRIIEDGDGAGAGTTVNNLEETPVIENRSSQQPVSEVSTIPCPRIDTQQLDRQIKAIMKEVIPFLKEHMDEVCSSQLLTSVRRMVLTLTQQNDESKEFVKFFHKQLGSILQDSLAKFAGRKLKDCGEDLLVEISEVLFNELAFFKLMQDLDNNSITVKQRCKRKIEATGVIQSCAKEAKRILEDHGSPAGEIDDEDKDKDETETVKQTQTSEVYDGPKNVRSDISDQEEDEESEGCPVSINLSKAETQALTNYGSGEDENEDEEMEEFEEGPVDVQTSLQANTEATEENEHDEQVLQRDFKKTAESKNVPLEREATSKNDQNNCPVKPCYLNILEDEQPLNSAAHKESPPTVDSTQQPNPLPLRLPEMEPLVPRVKEVKSAQETPESSLAGSPDTESPVLVNDYEAESGNISQKSDEEDFVKVEDLPLKLTIYSEADLRKKMVEEEQKNHLSGEICEMQTEELAGNSETLKEPETVGAQSI,2024,29,-26,,
Q9NWS0,PIHD1,sp|Q9NWS0|PIHD1_HUMAN,MANPKLLGMGLSEAEAIGADSARFEELLLQASKELQQAQTTRPESTQIQPQPGFCIKTNSSEGKVFINICHSPSIPPPADVTEEELLQMLEEDQAGFRIPMSLGEPHAELDAKGQGCTAYDVAVNSDFYRRMQNSDFLRELVITIAREGLEDKYNLQLNPEWRMMKNRPFMGSISQQNIRSEQRPRIQELGDLYTPAPGRAESGPEKPHLNLWLEAPDLLLAEVDLPKLDGALGLSLEIGENRLVMGGPQQLYHLDAYIPLQINSHESKAAFHRKRKQLMVAMPLLPVPS,290,3,-174,,
O75688,PPM1B,sp|O75688|PPM1B_HUMAN,MGAFLDKPKTEKHNAHGAGNGLRYGLSSMQGWRVEMEDAHTAVVGIPHGLEDWSFFAVYDGHAGSRVANYCSTHLLEHITTNEDFRAAGKSGSALELSVENVKNGIRTGFLKIDEYMRNFSDLRNGMDRSGSTAVGVMISPKHIYFINCGDSRAVLYRNGQVCFSTQDHKPCNPREKERIQNAGGSVMIQRVNGSLAVSRALGDYDYKCVDGKGPTEQLVSPEPEVYEILRAEEDEFIILACDGIWDVMSNEELCEYVKSRLEVSDDLENVCNWVVDTCLHKGSRDNMSIVLVCFSNAPKVSDEAVKKDSELDKHLESRVEEIMEKSGEEGMPDLAHVMRILSAENIPNLPPGGGLAGKRNVIEAVYSRLNPHRESDGASDEAEESGSQGKLVEALRQMRINHRGNYRQLLEEMLTSYRLAKVEGEESPAEPAATATSSNSDAGNPVTMQESHTESESGLAELDSSNEDAGTKMSGEKI,479,10,-186,,
P49721,PSB2,sp|P49721|PSB2_HUMAN,MEYLIGIQGPDYVLVASDRVAASNIVQMKDDHDKMFKMSEKILLLCVGEAGDTVQFAEYIQKNVQLYKMRNGYELSPTAAANFTRRNLADCLRSRTPYHVNLLLAGYDEHEGPALYYMDYLAALAKAPFAAHGYGAFLTLSILDRYYTPTISRERAVELLRKCLEELQKRFILNLPTFSVRIIDKNGIHDLDNISFPKQGS,201,3,-39,,
P53801,PTTG,sp|P53801|PTTG_HUMAN,MAPGVARGPTPYWRLRLGGAALLLLLIPVAAAQEPPGAACSQNTNKTCEECLKNVSCLWCNTNKACLDYPVTSVLPPASLCKLSSARWGVCWVNFEALIITMSVVGGTLLLGIAICCCCCCRRKRSRKPDRSEEKAMREREERRIRQEERRAEMKTRHDEIRKKYGLFKEENPYARFENN,180,14,-60,,
P35250,RFC2,sp|P35250|RFC2_HUMAN,MEVEAVCGGAGEVEAQDSDPAPAFSKAPGSAGHYELPWVEKYRPVKLNEIVGNEDTVSRLEVFAREGNVPNIIIAGPPGTGKTTSILCLARALLGPALKDAMLELNASNDRGIDVVRNKIKMFAQQKVTLPKGRHKIIILDEADSMTDGAQQALRRTMEIYSKTTRFALACNASDKIIEPIQSRCAVLRYTKLTDAQILTRLMNVIEKERVPYTDDGLEAIIFTAQGDMRQALNNLQSTFSGFGFINSENVFKVCDEPHPLLVKEMIQHCVNANIDEAYKILAHLWHLGYSPEDIIGNIFRVCKTFQMAEYLKLEFIKEIGYTHMKIAEGVNSLLQMAGLLARLCQKTMAPVAS,354,8,-10,,
P31350,RIR2,sp|P31350|RIR2_HUMAN,MLSLRVPLAPITDPQQLQLSPLKGLSLVDKENTPPALSGTRVLASKTARRIFQEPTEPKTKAAAPGVEDEPLLRENPRRFVIFPIEYHDIWQMYKKAEASFWTAEEVDLSKDIQHWESLKPEERYFISHVLAFFAASDGIVNENLVERFSQEVQITEARCFYGFQIAMENIHSEMYSLLIDTYIKDPKEREFLFNAIETMPCVKKKADWALRWIGDKEATYGERVVAFAAVEGIFFSGSFASIFWLKKRGLMPGLTFSNELISRDEGLHCDFACLMFKHLVHKPSEERVREIIINAVRIEQEFLTEALPVKLIGMNCTLMKQYIEFVADRLMLELGFSKVFRVENPFDFMENISLEGKTNFFEKRVGEYQRMGVMSSPTENSFTLDADF,389,5,-73,,
O95197,RTN3,sp|O95197|RTN3_HUMAN,MAEPSAATQSHSISSSSFGAEPSAPGGGGSPGACPALGTKSCSSSCADSFVSSSSSQPVSLFSTSQEGLSSLCSDEPSSEIMTSSFLSSSEIHNTGLTILHGEKSHVLGSQPILAKEGKDHLDLLDMKKMEKPQGTSNNVSDSSVSLAAGVHCDRPSIPASFPEHPAFLSKKIGQVEEQIDKETKNPNGVSSREAKTALDADDRFTLLTAQKPPTEYSKVEGIYTYSLSPSKVSGDDVIEKDSPESPFEVIIDKAAFDKEFKDSYKESTDDFGSWSVHTDKESSEDISETNDKLFPLRNKEAGRYPMSALLSRQFSHTNAALEEVSRCVNDMHNFTNEILTWDLVPQVKQQTDKSSDCITKTTGLDMSEYNSEIPVVNLKTSTHQKTPVCSIDGSTPITKSTGDWAEASLQQENAITGKPVPDSLNSTKEFSIKGVQGNMQKQDDTLAELPGSPPEKCDSLGSGVATVKVVLPDDHLKDEMDWQSSALGEITEADSSGESDDTVIEDITADTSFENNKIQAEKPVSIPSAVVKTGEREIKEIPSCEREEKTSKNFEELVSDSELHQDQPDILGRSPASEAACSKVPDTNVSLEDVSEVAPEKPITTENPKLPSTVSPNVFNETEFSLNVTTSAYLESLHGKNVKHIDDSSPEDLIAAFTETRDKGIVDSERNAFKAISEKMTDFKTTPPVEVLHENESGGSEIKDIGSKYSEQSKETNGSEPLGVFPTQGTPVASLDLEQEQLTIKALKELGERQVEKSTSAQRDAELPSEEVLKQTFTFAPESWPQRSYDILERNVKNGSDLGISQKPITIRETTRVDAVSSLSKTELVKKHVLARLLTDFSVHDLIFWRDVKKTGFVFGTTLIMLLSLAAFSVISVVSYLILALLSVTISFRIYKSVIQAVQKSEEGHPFKAYLDVDITLSSEAFHNYMNAAMVHINRALKLIIRLFLVEDLVDSLKLAVFMWLMTYVGAVFNGITLLILAELLIFSVPIVYEKYKTQIDHYVGIARDQTKSIVEKIQAKLPGIAKKKAE,1032,11,-451,,
Q9Y6B6,SAR1B,sp|Q9Y6B6|SAR1B_HUMAN,MSFIFDWIYSGFSSVLQFLGLYKKTGKLVFLGLDNAGKTTLLHMLKDDRLGQHVPTLHPTSEELTIAGMTFTTFDLGGHVQARRVWKNYLPAINGIVFLVDCADHERLLESKEELDSLMTDETIANVPILILGNKIDRPEAISEERLREMFGLYGQTTGKGSISLKELNARPLEVFMCSVLKRQGYGEGFRWMAQYID,198,2,-21,,
O15127,SCAM2,sp|O15127|SCAM2_HUMAN,MSAFDTNPFADPVDVNPFQDPSVTQLTNAPQGGLAEFNPFSETNAATTVPVTQLPGSSQPAVLQPSVEPTQPTPQAVVSAAQAGLLRQQEELDRKAAELERKERELQNTVANLHVRQNNWPPLPSWCPVKPCFYQDFSTEIPADYQRICKMLYYLWMLHSVTLFLNLLACLAWFSGNSSKGVDFGLSILWFLIFTPCAFLCWYRPIYKAFRSDNSFSFFVFFFVFFCQIGIYIIQLVGIPGLGDSGWIAALSTLDNHSLAISVIMMVVAGFFTLCAVLSVFLLQRVHSLYRRTGASFQQAQEEFSQGIFSSRTFHRAASSAAQGAFQGN,329,8,-55,,
O14828,SCAM3,sp|O14828|SCAM3_HUMAN,MAQSRDGGNPFAEPSELDNPFQDPAVIQHRPSRQYATLDVYNPFETREPPPAYEPPAPAPLPPPSAPSLQPSRKLSPTEPKNYGSYSTQASAAAATAELLKKQEELNRKAEELDRRERELQHAALGGTATRQNNWPPLPSFCPVQPCFFQDISMEIPQEFQKTVSTMYYLWMCSTLALLLNFLACLASFCVETNNGAGFGLSILWVLLFTPCSFVCWYRPMYKAFRSDSSFNFFVFFFIFFVQDVLFVLQAIGIPGWGFSGWISALVVPKGNTAVSVLMLLVALLFTGIAVLGIVMLKRIHSLYRRTGASFQKAQQEFAAGVFSNPAVRTAAANAAAGAAENAFRAP,347,7,-132,,
P60059,SC61G,sp|P60059|SC61G_HUMAN,MDQVMQFVEPSRQFVKDSIRLVKRCTKPDRKEFQKIAMATAIGFAIMGFIGFFVKLIHIPINNIIVGG,68,1,-44,,
P49903,SPS1,sp|P49903|SPS1_HUMAN,MSTRESFNPESYELDKSFRLTRFTELKGTGCKVPQDVLQKLLESLQENHFQEDEQFLGAVMPRLGIGMDTCVIPLRHGGLSLVQTTDYIYPIVDDPYMMGRIACANVLSDLYAMGVTECDNMLMLLGVSNKMTDRERDKVMPLIIQGFKDAAEEAGTSVTGGQTVLNPWIVLGGVATTVCQPNEFIMPDNAVPGDVLVLTKPLGTQVAVAVHQWLDIPEKWNKIKLVVTQEDVELAYQEAMMNMARLNRTAAGLMHTFNAHAATDITGFGILGHAQNLAKQQRNEVSFVIHNLPVLAKMAAVSKACGNMFGLMHGTCPETSGGLLICLPREQAARFCAEIKSPKYGEGHQAWIIGIVEKGNRTARIIDKPRIIEVAPQVATQNVNPTPGATS,392,9,-56,,
Q9Y6M5,ZNT1,sp|Q9Y6M5|ZNT1_HUMAN,MGCWGRNRGRLLCMLALTFMFMVLEVVVSRVTSSLAMLSDSFHMLSDVLALVVALVAERFARRTHATQKNTFGWIRAEVMGALVNAIFLTGLCFAILLEAIERFIEPHEMQQPLVVLGVGVAGLLVNVLGLCLFHHHSGFSQDSGHGHSHGGHGHGHGLPKGPRVKSTRPGSSDINVAPGEQGPDQEETNTLVANTSNSNGLKLDPADPENPRSGDTVEVQVNGNLVREPDHMELEEDRAGQLNMRGVFLHVLGDALGSVIVVVNALVFYFSWKGCSEGDFCVNPCFPDPCKAFVEIINSTHASVYEAGPCWVLYLDPTLCVVMVCILLYTTYPLLKESALILLQTVPKQIDIRNLIKELRNVEGVEEVHELHVWQLAGSRIIATAHIKCEDPTSYMEVAKTIKDVFHNHGIHATTIQPEFASVGSKSSVVPCELACRTQCALKQCCGTLPQAPSGKDAEKTPAVSISCLELSNNLEKKPRRTKAENIPAVVIEIKNMPNKQPESSL,507,18,-39,,
Q8NBI5,S43A3,sp|Q8NBI5|S43A3_HUMAN,MAGQGLPLHVATLLTGLLECLGFAGVLFGWPSLVFVFKNEDYFKDLCGPDAGPIGNATGQADCKAQDERFSLIFTLGSFMNNFMTFPTGYIFDRFKTTVARLIAIFFYTTATLIIAFTSAGSAVLLFLAMPMLTIGGILFLITNLQIGNLFGQHRSTIITLYNGAFDSSSAVFLIIKLLYEKGISLRASFIFISVCSTWHVARTFLLMPRGHIPYPLPPNYSYGLCPGNGTTKEEKETAEHENRELQSKEFLSAKEETPGAGQKQELRSFWSYAFSRRFAWHLVWLSVIQLWHYLFIGTLNSLLTNMAGGDMARVSTYTNAFAFTQFGVLCAPWNGLLMDRLKQKYQKEARKTGSSTLAVALCSTVPSLALTSLLCLGFALCASVPILPLQYLTFILQVISRSFLYGSNAAFLTLAFPSEHFGKLFGLVMALSAVVSLLQFPIFTLIKGSLQNDPFYVNVMFMLAILLTFFHPFLVYRECRTWKESPSAIA,491,10,-12,,
Q9UMY4,SNX12,sp|Q9UMY4|SNX12_HUMAN,MSDTAVADTRRLNSKPQDLTDAYGPPSNFLEIDIFNPQTVGVGRARFTTYEVRMRTNLPIFKLKESCVRRRYSDFEWLKNELERDSKIVVPPLPGKALKRQLPFRGDEGIFEESFIEERRQGLEQFINKIAGHPLAQNERCLHMFLQEEAIDRNYVPGKVRQ,162,2,-22,,
O43805,SSNA1,sp|O43805|SSNA1_HUMAN,MTQQGAALQNYNNELVKCIEELCQKREELCRQIQEEEDEKQRLQNEVRQLTEKLARVNENLARKIASRNEFDRTIAETEAAYLKILESSQTLLSVLKREAGNLTKATAPDQKSSGGRDS,119,3,-90,,
Q16384,SSX1,sp|Q16384|SSX1_HUMAN,MNGDDTFAKRPRDDAKASEKRSKAFDDIATYFSKKEWKKMKYSEKISYVYMKRNYKAMTKLGFKVTLPPFMCNKQATDFQGNDFDNDHNRRIQVEHPQMTFGRLHRIIPKIMPKKPAEDENDSKGVSEASGPQNDGKQLHPPGKANISEKINKRSGPKRGKHAWTHRLRERKQLVIYEEISDPEEDDE,188,1,-117,,
P46977,STT3A,sp|P46977|STT3A_HUMAN,MTKFGFLRLSYEKQDTLLKLLILSMAAVLSFSTRLFAVLRFESVIHEFDPYFNYRTTRFLAEEGFYKFHNWFDDRAWYPLGRIIGGTIYPGLMITSAAIYHVLHFFHITIDIRNVCVFLAPLFSSFTTIVTYHLTKELKDAGAGLLAAAMIAVVPGYISRSVAGSYDNEGIAIFCMLLTYYMWIKAVKTGSICWAAKCALAYFYMVSSWGGYVFLINLIPLHVLVLMLTGRFSHRIYVAYCTVYCLGTILSMQISFVGFQPVLSSEHMAAFGVFGLCQIHAFVDYLRSKLNPQQFEVLFRSVISLVGFVLLTVGALLMLTGKISPWTGRFYSLLDPSYAKNNIPIIASVSEHQPTTWSSYYFDLQLLVFMFPVGLYYCFSNLSDARIFIIMYGVTSMYFSAVMVRLMLVLAPVMCILSGIGVSQVLSTYMKNLDISRPDKKSKKQQDSTYPIKNEVASGMILVMAFFLITYTFHSTWVTSEAYSSPSIVLSARGGDGSRIIFDDFREAYYWLRHNTPEDAKVMSWWDYGYQITAMANRTILVDNNTWNNTHISRVGQAMASTEEKAYEIMRELDVSYVLVIFGGLTGYSSDDINKFLWMVRIGGSTDTGKHIKENDYYTPTGEFRVDREGSPVLLNCLMYKMCYYRFGQVYTEAKRPPGFDRVRNAEIGNKDFELDVLEEAYTTEHWLVRIYKVKDLDNRGLSRT,705,11,-63,,
P37837,TALDO,sp|P37837|TALDO_HUMAN,MSSSPVKRQRMESALDQLKQFTTVVADTGDFHAIDEYKPQDATTNPSLILAAAQMPAYQELVEEAIAYGRKLGGSQEDQIKNAIDKLFVLFGAEILKKIPGRVSTEVDARLSFDKDAMVARARRLIELYKEAGISKDRILIKLSSTWEGIQAGKELEEQHGIHCNMTLLFSFAQAVACAEAGVTLISPFVGRILDWHVANTDKKSYEPLEDPGVKSVTKIYNYYKKFSYKTIVMGASFRNTGEIKALAGCDFLTISPKLLGELLQDNAKLVPVLSAKAAQASDLEKIHLDEKSFRWLHNEDQMAVEKLSDGIRKFAADAVKLERMLTERMFNAENGK,337,3,-88,,
Q03518,TAP1,sp|Q03518|TAP1_HUMAN,MASSRCPAPRGCRCLPGASLAWLGTVLLLLADWVLLRTALPRIFSLLVPTALPLLRVWAVGLSRWAVLWLGACGVLRATVGSKSENAGAQGWLAALKPLAAALGLALPGLALFRELISWGAPGSADSTRLLHWGSHPTAFVVSYAAALPAAALWHKLGSLWVPGGQGGSGNPVRRLLGCLGSETRRLSLFLVLVVLSSLGEMAIPFFTGRLTDWILQDGSADTFTRNLTLMSILTIASAVLEFVGDGIYNNTMGHVHSHLQGEVFGAVLRQETEFFQQNQTGNIMSRVTEDTSTLSDSLSENLSLFLWYLVRGLCLLGIMLWGSVSLTMVTLITLPLLFLLPKKVGKWYQLLEVQVRESLAKSSQVAIEALSAMPTVRSFANEEGEAQKFREKLQEIKTLNQKEAVAYAVNSWTTSISGMLLKVGILYIGGQLVTSGAVSSGNLVTFVLYQMQFTQAVEVLLSIYPRVQKAVGSSEKIFEYLDRTPRCPPSGLLTPLHLEGLVQFQDVSFAYPNRPDVLVLQGLTFTLRPGEVTALVGPNGSGKSTVAALLQNLYQPTGGQLLLDGKPLPQYEHRYLHRQVAAVGQEPQVFGRSLQENIAYGLTQKPTMEEITAAAVKSGAHSFISGLPQGYDTEVDEAGSQLSGGQRQAVALARALIRKPCVLILDDATSALDANSQLQVEQLLYESPERYSRSVLLITQHLSLVEQADHILFLEGGAIREGGTHQQLMEKKGCYWAMVQAPADAPE,748,9,-14,,
Q15813,TBCE,sp|Q15813|TBCE_HUMAN,MSDTLTADVIGRRVEVNGEHATVRFAGVVPPVAGPWLGVEWDNPERGKHDGSHEGTVYFKCRHPTGGSFIRPNKVNFGTDFLTAIKNRYVLEDGPEEDRKEQIVTIGNKPVETIGFDSIMKQQSQLSKLQEVSLRNCAVSCAGEKGGVAEACPNIRKVDLSKNLLSSWDEVIHIADQLRHLEVLNVSENKLKFPSGSVLTGTLSVLKVLVLNQTGITWAEVLRCVAGCPGLEELYLESNNIFISERPTDVLQTVKLLDLSSNQLIDENQLYLIAHLPRLEQLILSDTGISSLHFPDAGIGCKTSMFPSLKYLVVNDNQISQWSFFNELEKLPSLRALSCLRNPLTKEDKEAETARLLIIASIGQLKTLNKCEILPEERRRAELDYRKAFGNEWKQAGGHKDPEKNRLSEEFLTAHPRYQFLCLKYGAPEDWELKTQQPLMLKNQLLTLKIKYPHQLDQKVLEKQLPGSMTIQKVKGLLSRLLKVPVSDLLLSYESPKKPGREIELENDLKSLQFYSVENGDCLLVRW,527,11,-6,,
Q8N131,PORIM,sp|Q8N131|PORIM_HUMAN,MGLGARGAWAALLLGTLQVLALLGAAHESAAMAASANIENSGLPHNSSANSTETLQHVPSDHTNETSNSTVKPPTSVASDSSNTTVTTMKPTAASNTTTPGMVSTNMTSTTLKSTPKTTSVSQNTSQISTSTMTVTHNSSVTSAASSVTITTTMHSEAKKGSKFDTGSFVGGIVLTLGVLSILYIGCKMYYSRRGIRYRTIDEHDAII,208,1,-22,,
Q5SNT2,TM201,sp|Q5SNT2|TM201_HUMAN,MEGVSALLARCPTAGLAGGLGVTACAAAGVLLYRIARRMKPTHTMVNCWFCNQDTLVPYGNRNCWDCPHCEQYNGFQENGDYNKPIPAQYLEHLNHVVSSAPSLRDPSQPQQWVSSQVLLCKRCNHHQTTKIKQLAAFAPREEGRYDEEVEVYRHHLEQMYKLCRPCQAAVEYYIKHQNRQLRALLLSHQFKRREADQTHAQNFSSAVKSPVQVILLRALAFLACAFLLTTALYGASGHFAPGTTVPLALPPGGNGSATPDNGTTPGAEGWRQLLGLLPEHMAEKLCEAWAFGQSHQTGVVALGLLTCLLAMLLAGRIRLRRIDAFCTCLWALLLGLHLAEQHLQAASPSWLDTLKFSTTSLCCLVGFTAAVATRKATGPRRFRPRRFFPGDSAGLFPTSPSLAIPHPSVGGSPASLFIPSPPSFLPLANQQLFRSPRRTSPSSLPGRLSRALSLGTIPSLTRADSGYLFSGSRPPSQVSRSGEFPVSDYFSLLSGSCPSSPLPSPAPSVAGSVASSSGSLRHRRPLISPARLNLKGQKLLLFPSPPGEAPTTPSSSDEHSPHNGSLFTMEPPHVPRKPPLQDVKHALDLRSKLERGSACSNRSIKKEDDSSQSSTCVVDTTTRGCSEEAATWRGRFGPSLVRGLLAVSLAANALFTSVFLYQSLR,666,22,-41,,
Q6NUQ4,TM214,sp|Q6NUQ4|TM214_HUMAN,MATKTAGVGRWEVVKKGRRPGVGAGAGGRGGGRNRRALGEANGVWKYDLTPAIQTTSTLYERGFENIMKRQNKEQVPPPAVEPKKPGNKKQPKKVATPPNQNQKQGRFRSLEEALKALDVADLQKELDKSQSVFSGNPSIWLKDLASYLNYKLQAPLSEPTLSQHTHDYPYSLVSRELRGIIRGLLAKAAGSLELFFDHCLFTMLQELDKTPGESLHGYRICIQAILQDKPKIATANLGKFLELLRSHQSRPAKCLTIMWALGQAGFANLTEGLKVWLGIMLPVLGIKSLSPFAITYLDRLLLMHPNLTKGFGMIGPKDFFPLLDFAYMPNNSLTPSLQEQLCQLYPRLKVLAFGAKPDSTLHTYFPSFLSRATPSCPPEMKKELLSSLTECLTVDPLSASVWRQLYPKHLSQSSLLLEHLLSSWEQIPKKVQKSLQETIQSLKLTNQELLRKGSSNNQDVVTCDMACKGLLQQVQGPRLPWTRLLLLLLVFAVGFLCHDLRSHSSFQASLTGRLLRSSGFLPASQQACAKLYSYSLQGYSWLGETLPLWGSHLLTVVRPSLQLAWAHTNATVSFLSAHCASHLAWFGDSLTSLSQRLQIQLPDSVNQLLRYLRELPLLFHQNVLLPLWHLLLEALAWAQEHCHEACRGEVTWDCMKTQLSEAVHWTWLCLQDITVAFLDWALALISQQ,689,15,-20,,
Q9H3N1,TMX1,sp|Q9H3N1|TMX1_HUMAN,MAPSGSLAVPLAVLVLLLWGAPWTHGRRSNVRVITDENWRELLEGDWMIEFYAPWCPACQNLQPEWESFAEWGEDLEVNIAKVDVTEQPGLSGRFIITALPTIYHCKDGEFRRYQGPRTKKDFINFISDKEWKSIEPVSSWFGPGSVLMSSMSALFQLSMWIRTCHNYFIEDLGLPVWGSYTVFALATLFSGLLLGLCMIFVADCLCPSKRRRPQPYPYPSKKLLSESAQPLKKVEEEQEADEEDVSEEEAESKEGTNKDFPQNAIRQRSLGPSLATDKS,280,7,-74,,
O96008,TOM40,sp|O96008|TOM40_HUMAN,MGNVLAASSPPAGPPPPPAPALVGLPPPPPSPPGFTLPPLGGSLGAGTSTSRSSERTPGAATASASGAAEDGACGCLPNPGTFEECHRKCKELFPIQMEGVKLTVNKGLSNHFQVNHTVALSTIGESNYHFGVTYVGTKQLSPTEAFPVLVGDMDNSGSLNAQVIHQLGPGLRSKMAIQTQQSKFVNWQVDGEYRGSDFTAAVTLGNPDVLVGSGILVAHYLQSITPCLALGGELVYHRRPGEEGTVMSLAGKYTLNNWLATVTLGQAGMHATYYHKASDQLQVGVEFEASTRMQDTSVSFGYQLDLPKANLLFKGSVDSNWIVGATLEKKLPPLPLTLALGAFLNHRKNKFQCGFGLTIG,361,6,-8,,
P61086,UBE2K,sp|P61086|UBE2K_HUMAN,MANIAVQRIKREFKEVLKSEETSKNQIKVDLVDENFTELRGEIAGPPDTPYEGGRYQLEIKIPETYPFNPPKVRFITKIWHPNISSVTGAICLDILKDQWAAAMTLRTVLLSLQALLAAAEPDDPQDAVVANQYKQNPEMFKQTARLWAHVYAGAPVSSPEYTKKIENLCAMGFDRNAVIVALSSKSWDVETATELLLSN,200,2,-31,,
Q96IX5,ATPMK,sp|Q96IX5|ATPMK_HUMAN,MAGPESDAQYQFTGIKKYFNSYTLTGRMNCVLATYGSIALIVLYFKLRSKKTPAVKAT,58,1,-29,,
O95292,VAPB,sp|O95292|VAPB_HUMAN,MAKVEQVLSLEPQHELKFRGPFTDVVTTNLKLGNPTDRNVCFKVKTTAPRRYCVRPNSGIIDAGASINVSVMLQPFDYDPNEKSKHKFMVQSMFAPTDTSDMEAVWKEAKPEDLMDSKLRCVFELPAENDKPHDVEINKIISTTASKTETPIVSKSLSSSLDDTEVKKVMEECKRLQGEVQRLREENKQFKEEDGLRMRKTVQSNSPISALAPTGKEEGLSTRLLALVVLFFIVGVIIGKIAL,243,4,-71,,
P45880,VDAC2,sp|P45880|VDAC2_HUMAN,MATHGQTCARPMCIPPSYADLGKAARDIFNKGFGFGLVKLDVKTKSCSGVEFSTSGSSNTDTGKVTGTLETKYKWCEYGLTFTEKWNTDNTLGTEIAIEDQICQGLKLTFDTTFSPNTGKKSGKIKSSYKRECINLGCDVDFDFAGPAIHGSAVFGYEGWLAGYQMTFDSAKSKLTRNNFAVGYRTGDFQLHTNVNDGTEFGGSIYQKVCEDLDTSVNLAWTSGTNCTRFGIAAKYQLDPTASISAKVNNSSLIGVGYTQTLRPGVKLTLSALVDGKSINAGGHKVGLALELEA,294,9,-68,,
Q9Y277,VDAC3,sp|Q9Y277|VDAC3_HUMAN,MCNTPTYCDLGKAAKDVFNKGYGFGMVKIDLKTKSCSGVEFSTSGHAYTDTGKASGNLETKYKVCNYGLTFTQKWNTDNTLGTEISWENKLAEGLKLTLDTIFVPNTGKKSGKLKASYKRDCFSVGSNVDIDFSGPTIYGWAVLAFEGWLAGYQMSFDTAKSKLSQNNFALGYKAADFQLHTHVNDGTEFGGSIYQKVNEKIETSINLAWTAGSNNTRFGIAAKYMLDCRTSLSAKVNNASLIGLGYTQTLRPGVKLTLSALIDGKNFSAGGHKVGLGFELEA,283,6,-55,,
Q9Y4E6,WDR7,sp|Q9Y4E6|WDR7_HUMAN,MAGNSLVLPIVLWGRKAPTHCISAVLLTDDGATIVTGCHDGQICLWDLSVELQINPRALLFGHTASITCLSKACASSDKQYIVSASESGEMCLWDVSDGRCIEFTKLACTHTGIQFYQFSVGNQREGRLLCHGHYPEILVVDATSLEVLYSLVSKISPDWISSMSIIRSHRTQEDTVVALSVTGILKVWIVTSEISDMQDTEPIFEEESKPIYCQNCQSISFCAFTQRSLLVVCSKYWRVFDAGDYSLLCSGPSENGQTWTGGDFVSSDKVIIWTENGQSYIYKLPASCLPASDSFRSDVGKAVENLIPPVQHILLDRKDKELLICPPVTRFFYGCREYFHKLLIQGDSSGRLNIWNISDTADKQGSEEGLAMTTSISLQEAFDKLNPCPAGIIDQLSVIPNSNEPLKVTASVYIPAHGRLVCGREDGSIVIVPATQTAIVQLLQGEHMLRRGWPPHRTLRGHRNKVTCLLYPHQVSARYDQRYLISGGVDFSVIIWDIFSGEMKHIFCVHGGEITQLLVPPENCSARVQHCICSVASDHSVGLLSLREKKCIMLASRHLFPIQVIKWRPSDDYLVVGCSDGSVYVWQMDTGALDRCVMGITAVEILNACDEAVPAAVDSLSHPAVNLKQAMTRRSLAALKNMAHHKLQTLATNLLASEASDKGNLPKYSHNSLMVQAIKTNLTDPDIHVLFFDVEALIIQLLTEEASRPNTALISPENLQKASGSSDKGGSFLTGKRAAVLFQQVKETIKENIKEHLLDDEEEDEEIMRQRREESDPEYRSSKSKPLTLLEYNLTMDTAKLFMSCLHAWGLNEVLDEVCLDRLGMLKPHCTVSFGLLSRGGHMSLMLPGYNQPACKLSHGKTEVGRKLPASEGVGKGTYGVSRAVTTQHLLSIISLANTLMSMTNATFIGDHMKKGPTRPPRPSTPDLSKARGSPPTSSNIVQGQIKQVAAPVVSARSDADHSGSDPPSAPALHTCFLVNEGWSQLAAMHCVMLPDLLGLDKFRPPLLEMLARRWQDRCLEVREAAQALLLAELRRIEQAGRKEAIDAWAPYLPQYIDHVISPGVTSEAAQTITTAPDASGPEAKVQEEEHDLVDDDITTGCLSSVPQMKKISTSYEERRKQATAIVLLGVIGAEFGAEIEPPKLLTRPRSSSQIPEGFGLTSGGSNYSLARHTCKALTFLLLQPPSPKLPPHSTIRRTAIDLIGRGFTVWEPYMDVSAVLMGLLELCADAEKQLANITMGLPLSPAADSARSARHALSLIATARPPAFITTIAKEVHRHTALAANTQSQQNMHTTTLARAKGEILRVIEILIEKMPTDVVDLLVEVMDIIMYCLEGSLVKKKGLQECFPAICRFYMVSYYERNHRIAVGARHGSVALYDIRTGKCQTIHGHKGPITAVAFAPDGRYLATYSNTDSHISFWQMNTSLLGSIGMLNSAPQLRCIKTYQVPPVQPASPGSHNALKLARLIWTSNRNVILMAHDGKEHRFMV,1490,43,-48,,
Q96KR1,ZFR,sp|Q96KR1|ZFR_HUMAN,MIPICPVVSFTYVPSRLGEDAKMATGNYFGFTHSGAAAAAAAAQYSQQPASGVAYSHPTTVASYTVHQAPVAAHTVTAAYAPAAATVAVARPAPVAVAAAATAAAYGGYPTAHTATDYGYTQRQQEAPPPPPPATTQNYQDSYSYVRSTAPAVAYDSKQYYQQPTATAAAVAAAAQPQPSVAETYYQTAPKAGYSQGATQYTQAQQTRQVTAIKPATPSPATTTFSIYPVSSTVQPVAAAATVVPSYTQSATYSTTAVTYSGTSYSGYEAAVYSAASSYYQQQQQQQKQAAAAAAAAAATAAWTGTTFTKKAPFQNKQLKPKQPPKPPQIHYCDVCKISCAGPQTYKEHLEGQKHKKKEAALKASQNTSSSNSSTRGTQNQLRCELCDVSCTGADAYAAHIRGAKHQKVVKLHTKLGKPIPSTEPNVVSQATSSTAVSASKPTASPSSIAANNCTVNTSSVATSSMKGLTTTGNSSLNSTSNTKVSAVPTNMAAKKTSTPKINFVGGNKLQSTGNKAEDIKGTECVKSTPVTSAVQIPEVKQDTVSEPVTPASLAALQSDVQPVGHDYVEEVRNDEGKVIRFHCKLCECSFNDPNAKEMHLKGRRHRLQYKKKVNPDLQVEVKPSIRARKIQEEKMRKQMQKEEYWRRREEEERWRMEMRRYEEDMYWRRMEEEQHHWDDRRRMPDGGYPHGPPGPLGLLGVRPGMPPQPQGPAPLRRPDSSDDRYVMTKHATIYPTEEELQAVQKIVSITERALKLVSDSLSEHEKNKNKEGDDKKEGGKDRALKGVLRVGVLAKGLLLRGDRNVNLVLLCSEKPSKTLLSRIAENLPKQLAVISPEKYDIKCAVSEAAIILNSCVEPKMQVTITLTSPIIREENMREGDVTSGMVKDPPDVLDRQKCLDALAALRHAKWFQARANGLQSCVIIIRILRDLCQRVPTWSDFPSWAMELLVEKAISSASSPQSPGDALRRVFECISSGIILKGSPGLLDPCEKDPFDTLATMTDQQREDITSSAQFALRLLAFRQIHKVLGMDPLPQMSQRFNIHNNRKRRRDSDGVDGFEAEGKKDKKDYDNF,1074,20,-84,,
Q96HY6,DDRGK,sp|Q96HY6-2|DDRGK_HUMAN,MVAPVWYLVAAALLVGFILFLTRSRGRAASAGQEPLHNEELAGAGRVAQPGPLEPEEPRAGGRPRRRRDLGSRLQAQRRAQRVAWAEADENEEEAVILAQEEEGVEKPAETHLSGKIGAKKLRKLEEKQARKAQREAEEAEREERKRLESQREAEWKKEEERLRLEEEQKEEEERKAREEQAQREHEEYLKLKEAFVVEEEGVGETMTEEQSQSFLTEFINYIKQSKVVLLEDLASQVGLRTQVSPGTWPAVCSVARGLWLAERTCPKDRVLMHRLPCPQPRVSSAQKSPGTLGILHFSLIAWGRESPAQAPA,313,3,-36,,
