ID,seqID,seq,pep,len,Cpos,Ccount,motif,N_Cpos,Count_all,pepCCC,pepCC,pepCXC,pepC
Q9UI42,sp|Q9UI42|CBPA4_HUMAN,MRWILFIGALIGSSICGQEKFFGDQVLRINVRNGDEISKLSQLVNSNNLKLNFWKSPSSFNRPVDVLVPSVSLQAFKSFLRSQGLEYAVTIEDLQALLDNEDDEMQHNEGQERSSNNFNYGAYHSLEAIYHEMDNIAADFPDLARRVKIGHSFENRPMYVLKFSTGKGVRRPAVWLNAGIHSREWISQATAIWTARKIVSDYQRDPAITSILEKMDIFLLPVANPDGYVYTQTQNRLWRKTRSRNPGSSCIGADPNRNWNASFAGKGASDNPCSEVYHGPHANSEVEVKSVVDFIQKHGNFKGFIDLHSYSQLLMYPYGYSVKKAPDAEELDKVARLAAKALASVSGTEYQVGPTCTTVYPASGSSIDWAYDNGIKFAFTFELRDTGTYGFLLPANQIIPTAEETWLGLKTIMEHVRDNLY,IGALIGSSICGQEKFFG,421,-406,2,internal,16,4,,,,ALIGSSICGQEKFFG
Q9UI42,sp|Q9UI42|CBPA4_HUMAN,MRWILFIGALIGSSICGQEKFFGDQVLRINVRNGDEISKLSQLVNSNNLKLNFWKSPSSFNRPVDVLVPSVSLQAFKSFLRSQGLEYAVTIEDLQALLDNEDDEMQHNEGQERSSNNFNYGAYHSLEAIYHEMDNIAADFPDLARRVKIGHSFENRPMYVLKFSTGKGVRRPAVWLNAGIHSREWISQATAIWTARKIVSDYQRDPAITSILEKMDIFLLPVANPDGYVYTQTQNRLWRKTRSRNPGSSCIGADPNRNWNASFAGKGASDNPCSEVYHGPHANSEVEVKSVVDFIQKHGNFKGFIDLHSYSQLLMYPYGYSVKKAPDAEELDKVARLAAKALASVSGTEYQVGPTCTTVYPASGSSIDWAYDNGIKFAFTFELRDTGTYGFLLPANQIIPTAEETWLGLKTIMEHVRDNLY,GTEYQVGPTCTTVYPAS,421,-66,2,internal,356,4,,,,EYQVGPTCTTVYPAS
P41567,sp|P41567|EIF1_HUMAN,MSAIQNLHSFDPFADASKGDDLLPAGTEDYIHIRIQQRNGRKTLTTVQGIADDYDKKKLVKAFKKKFACNGTVIEHPEYGEVIQLQGDQRKNICQFLVEIGLAKDDQLKVHGF,VKAFKKKFACNGTVIEH,113,-45,2,internal,69,2,,,,AFKKKFACNGTVIEH
P41567,sp|P41567|EIF1_HUMAN,MSAIQNLHSFDPFADASKGDDLLPAGTEDYIHIRIQQRNGRKTLTTVQGIADDYDKKKLVKAFKKKFACNGTVIEHPEYGEVIQLQGDQRKNICQFLVEIGLAKDDQLKVHGF,LQGDQRKNICQFLVEIG,113,-20,2,internal,94,2,,,,GDQRKNICQFLVEIG
P52292,sp|P52292|IMA1_HUMAN,MSTNENANTPAARLHRFKNKGKDSTEMRRRRIEVNVELRKAKKDDQMLKRRNVSSFPDDATSPLQENRNNQGTVNWSVDDIVKGINSSNVENQLQATQAARKLLSREKQPPIDNIIRAGLIPKFVSFLGRTDCSPIQFESAWALTNIASGTSEQTKAVVDGGAIPAFISLLASPHAHISEQAVWALGNIAGDGSVFRDLVIKYGAVDPLLALLAVPDMSSLACGYLRNLTWTLSNLCRNKNPAPPIDAVEQILPTLVRLLHHDDPEVLADTCWAISYLTDGPNERIGMVVKTGVVPQLVKLLGASELPIVTPALRAIGNIVTGTDEQTQVVIDAGALAVFPSLLTNPKTNIQKEATWTMSNITAGRQDQIQQVVNHGLVPFLVSVLSKADFKTQKEAVWAVTNYTSGGTVEQIVYLVHCGIIEPLMNLLTAKDTKIILVILDAISNIFQAAEKLGETEKLSIMIEECGGLDKIEALQNHENESVYKASLSLIEKYFSVEEEEDQNVVPETTSEGYTFQVQDGAPGTFNF,FVSFLGRTDCSPIQFES,529,-397,6,internal,133,6,,,,SFLGRTDCSPIQFES
P52292,sp|P52292|IMA1_HUMAN,MSTNENANTPAARLHRFKNKGKDSTEMRRRRIEVNVELRKAKKDDQMLKRRNVSSFPDDATSPLQENRNNQGTVNWSVDDIVKGINSSNVENQLQATQAARKLLSREKQPPIDNIIRAGLIPKFVSFLGRTDCSPIQFESAWALTNIASGTSEQTKAVVDGGAIPAFISLLASPHAHISEQAVWALGNIAGDGSVFRDLVIKYGAVDPLLALLAVPDMSSLACGYLRNLTWTLSNLCRNKNPAPPIDAVEQILPTLVRLLHHDDPEVLADTCWAISYLTDGPNERIGMVVKTGVVPQLVKLLGASELPIVTPALRAIGNIVTGTDEQTQVVIDAGALAVFPSLLTNPKTNIQKEATWTMSNITAGRQDQIQQVVNHGLVPFLVSVLSKADFKTQKEAVWAVTNYTSGGTVEQIVYLVHCGIIEPLMNLLTAKDTKIILVILDAISNIFQAAEKLGETEKLSIMIEECGGLDKIEALQNHENESVYKASLSLIEKYFSVEEEEDQNVVPETTSEGYTFQVQDGAPGTFNF,AVPDMSSLACGYLRNLT,529,-307,6,internal,223,6,,,,PDMSSLACGYLRNLT
P52292,sp|P52292|IMA1_HUMAN,MSTNENANTPAARLHRFKNKGKDSTEMRRRRIEVNVELRKAKKDDQMLKRRNVSSFPDDATSPLQENRNNQGTVNWSVDDIVKGINSSNVENQLQATQAARKLLSREKQPPIDNIIRAGLIPKFVSFLGRTDCSPIQFESAWALTNIASGTSEQTKAVVDGGAIPAFISLLASPHAHISEQAVWALGNIAGDGSVFRDLVIKYGAVDPLLALLAVPDMSSLACGYLRNLTWTLSNLCRNKNPAPPIDAVEQILPTLVRLLHHDDPEVLADTCWAISYLTDGPNERIGMVVKTGVVPQLVKLLGASELPIVTPALRAIGNIVTGTDEQTQVVIDAGALAVFPSLLTNPKTNIQKEATWTMSNITAGRQDQIQQVVNHGLVPFLVSVLSKADFKTQKEAVWAVTNYTSGGTVEQIVYLVHCGIIEPLMNLLTAKDTKIILVILDAISNIFQAAEKLGETEKLSIMIEECGGLDKIEALQNHENESVYKASLSLIEKYFSVEEEEDQNVVPETTSEGYTFQVQDGAPGTFNF,NLTWTLSNLCRNKNPAP,529,-293,6,internal,237,6,,,,TWTLSNLCRNKNPAP
P52292,sp|P52292|IMA1_HUMAN,MSTNENANTPAARLHRFKNKGKDSTEMRRRRIEVNVELRKAKKDDQMLKRRNVSSFPDDATSPLQENRNNQGTVNWSVDDIVKGINSSNVENQLQATQAARKLLSREKQPPIDNIIRAGLIPKFVSFLGRTDCSPIQFESAWALTNIASGTSEQTKAVVDGGAIPAFISLLASPHAHISEQAVWALGNIAGDGSVFRDLVIKYGAVDPLLALLAVPDMSSLACGYLRNLTWTLSNLCRNKNPAPPIDAVEQILPTLVRLLHHDDPEVLADTCWAISYLTDGPNERIGMVVKTGVVPQLVKLLGASELPIVTPALRAIGNIVTGTDEQTQVVIDAGALAVFPSLLTNPKTNIQKEATWTMSNITAGRQDQIQQVVNHGLVPFLVSVLSKADFKTQKEAVWAVTNYTSGGTVEQIVYLVHCGIIEPLMNLLTAKDTKIILVILDAISNIFQAAEKLGETEKLSIMIEECGGLDKIEALQNHENESVYKASLSLIEKYFSVEEEEDQNVVPETTSEGYTFQVQDGAPGTFNF,DDPEVLADTCWAISYLT,529,-258,6,internal,272,6,,,,PEVLADTCWAISYLT
P52292,sp|P52292|IMA1_HUMAN,MSTNENANTPAARLHRFKNKGKDSTEMRRRRIEVNVELRKAKKDDQMLKRRNVSSFPDDATSPLQENRNNQGTVNWSVDDIVKGINSSNVENQLQATQAARKLLSREKQPPIDNIIRAGLIPKFVSFLGRTDCSPIQFESAWALTNIASGTSEQTKAVVDGGAIPAFISLLASPHAHISEQAVWALGNIAGDGSVFRDLVIKYGAVDPLLALLAVPDMSSLACGYLRNLTWTLSNLCRNKNPAPPIDAVEQILPTLVRLLHHDDPEVLADTCWAISYLTDGPNERIGMVVKTGVVPQLVKLLGASELPIVTPALRAIGNIVTGTDEQTQVVIDAGALAVFPSLLTNPKTNIQKEATWTMSNITAGRQDQIQQVVNHGLVPFLVSVLSKADFKTQKEAVWAVTNYTSGGTVEQIVYLVHCGIIEPLMNLLTAKDTKIILVILDAISNIFQAAEKLGETEKLSIMIEECGGLDKIEALQNHENESVYKASLSLIEKYFSVEEEEDQNVVPETTSEGYTFQVQDGAPGTFNF,VEQIVYLVHCGIIEPLM,529,-111,6,internal,419,6,,,,QIVYLVHCGIIEPLM
P52292,sp|P52292|IMA1_HUMAN,MSTNENANTPAARLHRFKNKGKDSTEMRRRRIEVNVELRKAKKDDQMLKRRNVSSFPDDATSPLQENRNNQGTVNWSVDDIVKGINSSNVENQLQATQAARKLLSREKQPPIDNIIRAGLIPKFVSFLGRTDCSPIQFESAWALTNIASGTSEQTKAVVDGGAIPAFISLLASPHAHISEQAVWALGNIAGDGSVFRDLVIKYGAVDPLLALLAVPDMSSLACGYLRNLTWTLSNLCRNKNPAPPIDAVEQILPTLVRLLHHDDPEVLADTCWAISYLTDGPNERIGMVVKTGVVPQLVKLLGASELPIVTPALRAIGNIVTGTDEQTQVVIDAGALAVFPSLLTNPKTNIQKEATWTMSNITAGRQDQIQQVVNHGLVPFLVSVLSKADFKTQKEAVWAVTNYTSGGTVEQIVYLVHCGIIEPLMNLLTAKDTKIILVILDAISNIFQAAEKLGETEKLSIMIEECGGLDKIEALQNHENESVYKASLSLIEKYFSVEEEEDQNVVPETTSEGYTFQVQDGAPGTFNF,EKLSIMIEECGGLDKIE,529,-63,6,internal,467,6,,,,LSIMIEECGGLDKIE
Q8IUC0,sp|Q8IUC0|KR131_HUMAN,MSYNCCSGNFSSRSCGGYLHYPASSCGFSYPSNQVYSTDLCSPSTCQLGSSLYRGCQQTCWEPTSCQTSYVESSPCQTSCYRPRTSLLCSPCQTTYSGSLGFGSSSCRSLGYGSRSCYSVGCGSSGFRSLGYGGCGFPSLGYGVGFCRPTYLASRSCQSSCYRPTCGSGFYY,MSYNCCSGNFSS,172,-168,21,internal,5,21,,,,
Q8IUC0,sp|Q8IUC0|KR131_HUMAN,MSYNCCSGNFSSRSCGGYLHYPASSCGFSYPSNQVYSTDLCSPSTCQLGSSLYRGCQQTCWEPTSCQTSYVESSPCQTSCYRPRTSLLCSPCQTTYSGSLGFGSSSCRSLGYGSRSCYSVGCGSSGFRSLGYGGCGFPSLGYGVGFCRPTYLASRSCQSSCYRPTCGSGFYY,MSYNCCSGNFSSR,172,-167,21,internal,6,21,,,,
Q8IUC0,sp|Q8IUC0|KR131_HUMAN,MSYNCCSGNFSSRSCGGYLHYPASSCGFSYPSNQVYSTDLCSPSTCQLGSSLYRGCQQTCWEPTSCQTSYVESSPCQTSCYRPRTSLLCSPCQTTYSGSLGFGSSSCRSLGYGSRSCYSVGCGSSGFRSLGYGGCGFPSLGYGVGFCRPTYLASRSCQSSCYRPTCGSGFYY,CSGNFSSRSCGGYLHYP,172,-158,21,internal,15,21,,,,GNFSSRSCGGYLHYP
Q8IUC0,sp|Q8IUC0|KR131_HUMAN,MSYNCCSGNFSSRSCGGYLHYPASSCGFSYPSNQVYSTDLCSPSTCQLGSSLYRGCQQTCWEPTSCQTSYVESSPCQTSCYRPRTSLLCSPCQTTYSGSLGFGSSSCRSLGYGSRSCYSVGCGSSGFRSLGYGGCGFPSLGYGVGFCRPTYLASRSCQSSCYRPTCGSGFYY,GYLHYPASSCGFSYPSN,172,-147,21,internal,26,21,,,,LHYPASSCGFSYPSN
Q8IUC0,sp|Q8IUC0|KR131_HUMAN,MSYNCCSGNFSSRSCGGYLHYPASSCGFSYPSNQVYSTDLCSPSTCQLGSSLYRGCQQTCWEPTSCQTSYVESSPCQTSCYRPRTSLLCSPCQTTYSGSLGFGSSSCRSLGYGSRSCYSVGCGSSGFRSLGYGGCGFPSLGYGVGFCRPTYLASRSCQSSCYRPTCGSGFYY,SNQVYSTDLCSPSTCQL,172,-132,21,internal,41,21,,,,QVYSTDLCSPSTCQL
Q8IUC0,sp|Q8IUC0|KR131_HUMAN,MSYNCCSGNFSSRSCGGYLHYPASSCGFSYPSNQVYSTDLCSPSTCQLGSSLYRGCQQTCWEPTSCQTSYVESSPCQTSCYRPRTSLLCSPCQTTYSGSLGFGSSSCRSLGYGSRSCYSVGCGSSGFRSLGYGGCGFPSLGYGVGFCRPTYLASRSCQSSCYRPTCGSGFYY,STDLCSPSTCQLGSSLY,172,-127,21,internal,46,21,,,,DLCSPSTCQLGSSLY
Q8IUC0,sp|Q8IUC0|KR131_HUMAN,MSYNCCSGNFSSRSCGGYLHYPASSCGFSYPSNQVYSTDLCSPSTCQLGSSLYRGCQQTCWEPTSCQTSYVESSPCQTSCYRPRTSLLCSPCQTTYSGSLGFGSSSCRSLGYGSRSCYSVGCGSSGFRSLGYGGCGFPSLGYGVGFCRPTYLASRSCQSSCYRPTCGSGFYY,QLGSSLYRGCQQTCWEP,172,-117,21,internal,56,21,,,,GSSLYRGCQQTCWEP
Q8IUC0,sp|Q8IUC0|KR131_HUMAN,MSYNCCSGNFSSRSCGGYLHYPASSCGFSYPSNQVYSTDLCSPSTCQLGSSLYRGCQQTCWEPTSCQTSYVESSPCQTSCYRPRTSLLCSPCQTTYSGSLGFGSSSCRSLGYGSRSCYSVGCGSSGFRSLGYGGCGFPSLGYGVGFCRPTYLASRSCQSSCYRPTCGSGFYY,SLYRGCQQTCWEPTSCQ,172,-113,21,internal,60,21,,,,YRGCQQTCWEPTSCQ
Q8IUC0,sp|Q8IUC0|KR131_HUMAN,MSYNCCSGNFSSRSCGGYLHYPASSCGFSYPSNQVYSTDLCSPSTCQLGSSLYRGCQQTCWEPTSCQTSYVESSPCQTSCYRPRTSLLCSPCQTTYSGSLGFGSSSCRSLGYGSRSCYSVGCGSSGFRSLGYGGCGFPSLGYGVGFCRPTYLASRSCQSSCYRPTCGSGFYY,QQTCWEPTSCQTSYVES,172,-107,21,internal,66,21,,,,TCWEPTSCQTSYVES
Q8IUC0,sp|Q8IUC0|KR131_HUMAN,MSYNCCSGNFSSRSCGGYLHYPASSCGFSYPSNQVYSTDLCSPSTCQLGSSLYRGCQQTCWEPTSCQTSYVESSPCQTSCYRPRTSLLCSPCQTTYSGSLGFGSSSCRSLGYGSRSCYSVGCGSSGFRSLGYGGCGFPSLGYGVGFCRPTYLASRSCQSSCYRPTCGSGFYY,QTSYVESSPCQTSCYRP,172,-97,21,internal,76,21,,,,SYVESSPCQTSCYRP
Q8IUC0,sp|Q8IUC0|KR131_HUMAN,MSYNCCSGNFSSRSCGGYLHYPASSCGFSYPSNQVYSTDLCSPSTCQLGSSLYRGCQQTCWEPTSCQTSYVESSPCQTSCYRPRTSLLCSPCQTTYSGSLGFGSSSCRSLGYGSRSCYSVGCGSSGFRSLGYGGCGFPSLGYGVGFCRPTYLASRSCQSSCYRPTCGSGFYY,VESSPCQTSCYRPRTSL,172,-93,21,internal,80,21,,,,SSPCQTSCYRPRTSL
Q8IUC0,sp|Q8IUC0|KR131_HUMAN,MSYNCCSGNFSSRSCGGYLHYPASSCGFSYPSNQVYSTDLCSPSTCQLGSSLYRGCQQTCWEPTSCQTSYVESSPCQTSCYRPRTSLLCSPCQTTYSGSLGFGSSSCRSLGYGSRSCYSVGCGSSGFRSLGYGGCGFPSLGYGVGFCRPTYLASRSCQSSCYRPTCGSGFYY,CYRPRTSLLCSPCQTTY,172,-84,21,internal,89,21,,,,RPRTSLLCSPCQTTY
Q8IUC0,sp|Q8IUC0|KR131_HUMAN,MSYNCCSGNFSSRSCGGYLHYPASSCGFSYPSNQVYSTDLCSPSTCQLGSSLYRGCQQTCWEPTSCQTSYVESSPCQTSCYRPRTSLLCSPCQTTYSGSLGFGSSSCRSLGYGSRSCYSVGCGSSGFRSLGYGGCGFPSLGYGVGFCRPTYLASRSCQSSCYRPTCGSGFYY,PRTSLLCSPCQTTYSGS,172,-81,21,internal,92,21,,,,TSLLCSPCQTTYSGS
Q8IUC0,sp|Q8IUC0|KR131_HUMAN,MSYNCCSGNFSSRSCGGYLHYPASSCGFSYPSNQVYSTDLCSPSTCQLGSSLYRGCQQTCWEPTSCQTSYVESSPCQTSCYRPRTSLLCSPCQTTYSGSLGFGSSSCRSLGYGSRSCYSVGCGSSGFRSLGYGGCGFPSLGYGVGFCRPTYLASRSCQSSCYRPTCGSGFYY,GSLGFGSSSCRSLGYGS,172,-66,21,internal,107,21,,,,LGFGSSSCRSLGYGS
Q8IUC0,sp|Q8IUC0|KR131_HUMAN,MSYNCCSGNFSSRSCGGYLHYPASSCGFSYPSNQVYSTDLCSPSTCQLGSSLYRGCQQTCWEPTSCQTSYVESSPCQTSCYRPRTSLLCSPCQTTYSGSLGFGSSSCRSLGYGSRSCYSVGCGSSGFRSLGYGGCGFPSLGYGVGFCRPTYLASRSCQSSCYRPTCGSGFYY,RSLGYGSRSCYSVGCGS,172,-56,21,internal,117,21,,,,LGYGSRSCYSVGCGS
Q8IUC0,sp|Q8IUC0|KR131_HUMAN,MSYNCCSGNFSSRSCGGYLHYPASSCGFSYPSNQVYSTDLCSPSTCQLGSSLYRGCQQTCWEPTSCQTSYVESSPCQTSCYRPRTSLLCSPCQTTYSGSLGFGSSSCRSLGYGSRSCYSVGCGSSGFRSLGYGGCGFPSLGYGVGFCRPTYLASRSCQSSCYRPTCGSGFYY,GSRSCYSVGCGSSGFRS,172,-51,21,internal,122,21,,,,RSCYSVGCGSSGFRS
Q8IUC0,sp|Q8IUC0|KR131_HUMAN,MSYNCCSGNFSSRSCGGYLHYPASSCGFSYPSNQVYSTDLCSPSTCQLGSSLYRGCQQTCWEPTSCQTSYVESSPCQTSCYRPRTSLLCSPCQTTYSGSLGFGSSSCRSLGYGSRSCYSVGCGSSGFRSLGYGGCGFPSLGYGVGFCRPTYLASRSCQSSCYRPTCGSGFYY,GFRSLGYGGCGFPSLGY,172,-38,21,internal,135,21,,,,RSLGYGGCGFPSLGY
Q8IUC0,sp|Q8IUC0|KR131_HUMAN,MSYNCCSGNFSSRSCGGYLHYPASSCGFSYPSNQVYSTDLCSPSTCQLGSSLYRGCQQTCWEPTSCQTSYVESSPCQTSCYRPRTSLLCSPCQTTYSGSLGFGSSSCRSLGYGSRSCYSVGCGSSGFRSLGYGGCGFPSLGYGVGFCRPTYLASRSCQSSCYRPTCGSGFYY,PSLGYGVGFCRPTYLAS,172,-26,21,internal,147,21,,,,LGYGVGFCRPTYLAS
Q8IUC0,sp|Q8IUC0|KR131_HUMAN,MSYNCCSGNFSSRSCGGYLHYPASSCGFSYPSNQVYSTDLCSPSTCQLGSSLYRGCQQTCWEPTSCQTSYVESSPCQTSCYRPRTSLLCSPCQTTYSGSLGFGSSSCRSLGYGSRSCYSVGCGSSGFRSLGYGGCGFPSLGYGVGFCRPTYLASRSCQSSCYRPTCGSGFYY,RPTYLASRSCQSSCYRP,172,-16,21,internal,157,21,,,,TYLASRSCQSSCYRP
Q8IUC0,sp|Q8IUC0|KR131_HUMAN,MSYNCCSGNFSSRSCGGYLHYPASSCGFSYPSNQVYSTDLCSPSTCQLGSSLYRGCQQTCWEPTSCQTSYVESSPCQTSCYRPRTSLLCSPCQTTYSGSLGFGSSSCRSLGYGSRSCYSVGCGSSGFRSLGYGGCGFPSLGYGVGFCRPTYLASRSCQSSCYRPTCGSGFYY,LASRSCQSSCYRPTCGS,172,-12,21,internal,161,21,,,,SRSCQSSCYRPTCGS
Q8IUC0,sp|Q8IUC0|KR131_HUMAN,MSYNCCSGNFSSRSCGGYLHYPASSCGFSYPSNQVYSTDLCSPSTCQLGSSLYRGCQQTCWEPTSCQTSYVESSPCQTSCYRPRTSLLCSPCQTTYSGSLGFGSSSCRSLGYGSRSCYSVGCGSSGFRSLGYGGCGFPSLGYGVGFCRPTYLASRSCQSSCYRPTCGSGFYY,,172,-7,21,internal,166,21,,,,
Q8N0X7,sp|Q8N0X7|SPART_HUMAN,MEQEPQNGEPAEIKIIREAYKKAFLFVNKGLNTDELGQKEEAKNYYKQGIGHLLRGISISSKESEHTGPGWESARQMQQKMKETLQNVRTRLEILEKGLATSLQNDLQEVPKLYPEFPPKDMCEKLPEPQSFSSAPQHAEVNGNTSTPSAGAVAAPASLSLPSQSCPAEAPPAYTPQAAEGHYTVSYGTDSGEFSSVGEEFYRNHSQPPPLETLGLDADELILIPNGVQIFFVNPAGEVSAPSYPGYLRIVRFLDNSLDTVLNRPPGFLQVCDWLYPLVPDRSPVLKCTAGAYMFPDTMLQAAGCFVGVVLSSELPEDDRELFEDLLRQMSDLRLQANWNRAEEENEFQIPGRTRPSSDQLKEASGTDVKQLDQGNKDVRHKGKRGKRAKDTSSEEVNLSHIVPCEPVPEEKPKELPEWSEKVAHNILSGASWVSWGLVKGAEITGKAIQKGASKLRERIQPEEKPVEVSPAVTKGLYIAKQATGGAAKVSQFLVDGVCTVANCVGKELAPHVKKHGSKLVPESLKKDKDGKSPLDGAMVVAASSVQGFSTVWQGLECAAKCIVNNVSAETVQTVRYKYGYNAGEATHHAVDSAVNVGVTAYNINNIGIKAMVKKTATQTGHTLLEDYQIVDNSQRENQEGAANVNVRGEKDEQTKEVKEAKKKDK,YPEFPPKDMCEKLPEPQ,666,-544,10,internal,123,10,,,,EFPPKDMCEKLPEPQ
Q8N0X7,sp|Q8N0X7|SPART_HUMAN,MEQEPQNGEPAEIKIIREAYKKAFLFVNKGLNTDELGQKEEAKNYYKQGIGHLLRGISISSKESEHTGPGWESARQMQQKMKETLQNVRTRLEILEKGLATSLQNDLQEVPKLYPEFPPKDMCEKLPEPQSFSSAPQHAEVNGNTSTPSAGAVAAPASLSLPSQSCPAEAPPAYTPQAAEGHYTVSYGTDSGEFSSVGEEFYRNHSQPPPLETLGLDADELILIPNGVQIFFVNPAGEVSAPSYPGYLRIVRFLDNSLDTVLNRPPGFLQVCDWLYPLVPDRSPVLKCTAGAYMFPDTMLQAAGCFVGVVLSSELPEDDRELFEDLLRQMSDLRLQANWNRAEEENEFQIPGRTRPSSDQLKEASGTDVKQLDQGNKDVRHKGKRGKRAKDTSSEEVNLSHIVPCEPVPEEKPKELPEWSEKVAHNILSGASWVSWGLVKGAEITGKAIQKGASKLRERIQPEEKPVEVSPAVTKGLYIAKQATGGAAKVSQFLVDGVCTVANCVGKELAPHVKKHGSKLVPESLKKDKDGKSPLDGAMVVAASSVQGFSTVWQGLECAAKCIVNNVSAETVQTVRYKYGYNAGEATHHAVDSAVNVGVTAYNINNIGIKAMVKKTATQTGHTLLEDYQIVDNSQRENQEGAANVNVRGEKDEQTKEVKEAKKKDK,ASLSLPSQSCPAEAPPA,666,-501,10,internal,166,10,,,,LSLPSQSCPAEAPPA
Q8N0X7,sp|Q8N0X7|SPART_HUMAN,MEQEPQNGEPAEIKIIREAYKKAFLFVNKGLNTDELGQKEEAKNYYKQGIGHLLRGISISSKESEHTGPGWESARQMQQKMKETLQNVRTRLEILEKGLATSLQNDLQEVPKLYPEFPPKDMCEKLPEPQSFSSAPQHAEVNGNTSTPSAGAVAAPASLSLPSQSCPAEAPPAYTPQAAEGHYTVSYGTDSGEFSSVGEEFYRNHSQPPPLETLGLDADELILIPNGVQIFFVNPAGEVSAPSYPGYLRIVRFLDNSLDTVLNRPPGFLQVCDWLYPLVPDRSPVLKCTAGAYMFPDTMLQAAGCFVGVVLSSELPEDDRELFEDLLRQMSDLRLQANWNRAEEENEFQIPGRTRPSSDQLKEASGTDVKQLDQGNKDVRHKGKRGKRAKDTSSEEVNLSHIVPCEPVPEEKPKELPEWSEKVAHNILSGASWVSWGLVKGAEITGKAIQKGASKLRERIQPEEKPVEVSPAVTKGLYIAKQATGGAAKVSQFLVDGVCTVANCVGKELAPHVKKHGSKLVPESLKKDKDGKSPLDGAMVVAASSVQGFSTVWQGLECAAKCIVNNVSAETVQTVRYKYGYNAGEATHHAVDSAVNVGVTAYNINNIGIKAMVKKTATQTGHTLLEDYQIVDNSQRENQEGAANVNVRGEKDEQTKEVKEAKKKDK,NRPPGFLQVCDWLYPLV,666,-395,10,internal,272,10,,,,PPGFLQVCDWLYPLV
Q8N0X7,sp|Q8N0X7|SPART_HUMAN,MEQEPQNGEPAEIKIIREAYKKAFLFVNKGLNTDELGQKEEAKNYYKQGIGHLLRGISISSKESEHTGPGWESARQMQQKMKETLQNVRTRLEILEKGLATSLQNDLQEVPKLYPEFPPKDMCEKLPEPQSFSSAPQHAEVNGNTSTPSAGAVAAPASLSLPSQSCPAEAPPAYTPQAAEGHYTVSYGTDSGEFSSVGEEFYRNHSQPPPLETLGLDADELILIPNGVQIFFVNPAGEVSAPSYPGYLRIVRFLDNSLDTVLNRPPGFLQVCDWLYPLVPDRSPVLKCTAGAYMFPDTMLQAAGCFVGVVLSSELPEDDRELFEDLLRQMSDLRLQANWNRAEEENEFQIPGRTRPSSDQLKEASGTDVKQLDQGNKDVRHKGKRGKRAKDTSSEEVNLSHIVPCEPVPEEKPKELPEWSEKVAHNILSGASWVSWGLVKGAEITGKAIQKGASKLRERIQPEEKPVEVSPAVTKGLYIAKQATGGAAKVSQFLVDGVCTVANCVGKELAPHVKKHGSKLVPESLKKDKDGKSPLDGAMVVAASSVQGFSTVWQGLECAAKCIVNNVSAETVQTVRYKYGYNAGEATHHAVDSAVNVGVTAYNINNIGIKAMVKKTATQTGHTLLEDYQIVDNSQRENQEGAANVNVRGEKDEQTKEVKEAKKKDK,VPDRSPVLKCTAGAYMF,666,-379,10,internal,288,10,,,,DRSPVLKCTAGAYMF
Q8N0X7,sp|Q8N0X7|SPART_HUMAN,MEQEPQNGEPAEIKIIREAYKKAFLFVNKGLNTDELGQKEEAKNYYKQGIGHLLRGISISSKESEHTGPGWESARQMQQKMKETLQNVRTRLEILEKGLATSLQNDLQEVPKLYPEFPPKDMCEKLPEPQSFSSAPQHAEVNGNTSTPSAGAVAAPASLSLPSQSCPAEAPPAYTPQAAEGHYTVSYGTDSGEFSSVGEEFYRNHSQPPPLETLGLDADELILIPNGVQIFFVNPAGEVSAPSYPGYLRIVRFLDNSLDTVLNRPPGFLQVCDWLYPLVPDRSPVLKCTAGAYMFPDTMLQAAGCFVGVVLSSELPEDDRELFEDLLRQMSDLRLQANWNRAEEENEFQIPGRTRPSSDQLKEASGTDVKQLDQGNKDVRHKGKRGKRAKDTSSEEVNLSHIVPCEPVPEEKPKELPEWSEKVAHNILSGASWVSWGLVKGAEITGKAIQKGASKLRERIQPEEKPVEVSPAVTKGLYIAKQATGGAAKVSQFLVDGVCTVANCVGKELAPHVKKHGSKLVPESLKKDKDGKSPLDGAMVVAASSVQGFSTVWQGLECAAKCIVNNVSAETVQTVRYKYGYNAGEATHHAVDSAVNVGVTAYNINNIGIKAMVKKTATQTGHTLLEDYQIVDNSQRENQEGAANVNVRGEKDEQTKEVKEAKKKDK,PDTMLQAAGCFVGVVLS,666,-362,10,internal,305,10,,,,TMLQAAGCFVGVVLS
Q8N0X7,sp|Q8N0X7|SPART_HUMAN,MEQEPQNGEPAEIKIIREAYKKAFLFVNKGLNTDELGQKEEAKNYYKQGIGHLLRGISISSKESEHTGPGWESARQMQQKMKETLQNVRTRLEILEKGLATSLQNDLQEVPKLYPEFPPKDMCEKLPEPQSFSSAPQHAEVNGNTSTPSAGAVAAPASLSLPSQSCPAEAPPAYTPQAAEGHYTVSYGTDSGEFSSVGEEFYRNHSQPPPLETLGLDADELILIPNGVQIFFVNPAGEVSAPSYPGYLRIVRFLDNSLDTVLNRPPGFLQVCDWLYPLVPDRSPVLKCTAGAYMFPDTMLQAAGCFVGVVLSSELPEDDRELFEDLLRQMSDLRLQANWNRAEEENEFQIPGRTRPSSDQLKEASGTDVKQLDQGNKDVRHKGKRGKRAKDTSSEEVNLSHIVPCEPVPEEKPKELPEWSEKVAHNILSGASWVSWGLVKGAEITGKAIQKGASKLRERIQPEEKPVEVSPAVTKGLYIAKQATGGAAKVSQFLVDGVCTVANCVGKELAPHVKKHGSKLVPESLKKDKDGKSPLDGAMVVAASSVQGFSTVWQGLECAAKCIVNNVSAETVQTVRYKYGYNAGEATHHAVDSAVNVGVTAYNINNIGIKAMVKKTATQTGHTLLEDYQIVDNSQRENQEGAANVNVRGEKDEQTKEVKEAKKKDK,EVNLSHIVPCEPVPEEK,666,-262,10,internal,405,10,,,,NLSHIVPCEPVPEEK
Q8N0X7,sp|Q8N0X7|SPART_HUMAN,MEQEPQNGEPAEIKIIREAYKKAFLFVNKGLNTDELGQKEEAKNYYKQGIGHLLRGISISSKESEHTGPGWESARQMQQKMKETLQNVRTRLEILEKGLATSLQNDLQEVPKLYPEFPPKDMCEKLPEPQSFSSAPQHAEVNGNTSTPSAGAVAAPASLSLPSQSCPAEAPPAYTPQAAEGHYTVSYGTDSGEFSSVGEEFYRNHSQPPPLETLGLDADELILIPNGVQIFFVNPAGEVSAPSYPGYLRIVRFLDNSLDTVLNRPPGFLQVCDWLYPLVPDRSPVLKCTAGAYMFPDTMLQAAGCFVGVVLSSELPEDDRELFEDLLRQMSDLRLQANWNRAEEENEFQIPGRTRPSSDQLKEASGTDVKQLDQGNKDVRHKGKRGKRAKDTSSEEVNLSHIVPCEPVPEEKPKELPEWSEKVAHNILSGASWVSWGLVKGAEITGKAIQKGASKLRERIQPEEKPVEVSPAVTKGLYIAKQATGGAAKVSQFLVDGVCTVANCVGKELAPHVKKHGSKLVPESLKKDKDGKSPLDGAMVVAASSVQGFSTVWQGLECAAKCIVNNVSAETVQTVRYKYGYNAGEATHHAVDSAVNVGVTAYNINNIGIKAMVKKTATQTGHTLLEDYQIVDNSQRENQEGAANVNVRGEKDEQTKEVKEAKKKDK,VSQFLVDGVCTVANCVG,666,-168,10,internal,499,10,,,,QFLVDGVCTVANCVG
Q8N0X7,sp|Q8N0X7|SPART_HUMAN,MEQEPQNGEPAEIKIIREAYKKAFLFVNKGLNTDELGQKEEAKNYYKQGIGHLLRGISISSKESEHTGPGWESARQMQQKMKETLQNVRTRLEILEKGLATSLQNDLQEVPKLYPEFPPKDMCEKLPEPQSFSSAPQHAEVNGNTSTPSAGAVAAPASLSLPSQSCPAEAPPAYTPQAAEGHYTVSYGTDSGEFSSVGEEFYRNHSQPPPLETLGLDADELILIPNGVQIFFVNPAGEVSAPSYPGYLRIVRFLDNSLDTVLNRPPGFLQVCDWLYPLVPDRSPVLKCTAGAYMFPDTMLQAAGCFVGVVLSSELPEDDRELFEDLLRQMSDLRLQANWNRAEEENEFQIPGRTRPSSDQLKEASGTDVKQLDQGNKDVRHKGKRGKRAKDTSSEEVNLSHIVPCEPVPEEKPKELPEWSEKVAHNILSGASWVSWGLVKGAEITGKAIQKGASKLRERIQPEEKPVEVSPAVTKGLYIAKQATGGAAKVSQFLVDGVCTVANCVGKELAPHVKKHGSKLVPESLKKDKDGKSPLDGAMVVAASSVQGFSTVWQGLECAAKCIVNNVSAETVQTVRYKYGYNAGEATHHAVDSAVNVGVTAYNINNIGIKAMVKKTATQTGHTLLEDYQIVDNSQRENQEGAANVNVRGEKDEQTKEVKEAKKKDK,VDGVCTVANCVGKELAP,666,-163,10,internal,504,10,,,,GVCTVANCVGKELAP
Q8N0X7,sp|Q8N0X7|SPART_HUMAN,MEQEPQNGEPAEIKIIREAYKKAFLFVNKGLNTDELGQKEEAKNYYKQGIGHLLRGISISSKESEHTGPGWESARQMQQKMKETLQNVRTRLEILEKGLATSLQNDLQEVPKLYPEFPPKDMCEKLPEPQSFSSAPQHAEVNGNTSTPSAGAVAAPASLSLPSQSCPAEAPPAYTPQAAEGHYTVSYGTDSGEFSSVGEEFYRNHSQPPPLETLGLDADELILIPNGVQIFFVNPAGEVSAPSYPGYLRIVRFLDNSLDTVLNRPPGFLQVCDWLYPLVPDRSPVLKCTAGAYMFPDTMLQAAGCFVGVVLSSELPEDDRELFEDLLRQMSDLRLQANWNRAEEENEFQIPGRTRPSSDQLKEASGTDVKQLDQGNKDVRHKGKRGKRAKDTSSEEVNLSHIVPCEPVPEEKPKELPEWSEKVAHNILSGASWVSWGLVKGAEITGKAIQKGASKLRERIQPEEKPVEVSPAVTKGLYIAKQATGGAAKVSQFLVDGVCTVANCVGKELAPHVKKHGSKLVPESLKKDKDGKSPLDGAMVVAASSVQGFSTVWQGLECAAKCIVNNVSAETVQTVRYKYGYNAGEATHHAVDSAVNVGVTAYNINNIGIKAMVKKTATQTGHTLLEDYQIVDNSQRENQEGAANVNVRGEKDEQTKEVKEAKKKDK,FSTVWQGLECAAKCIVN,666,-109,10,internal,558,10,,,,TVWQGLECAAKCIVN
Q8N0X7,sp|Q8N0X7|SPART_HUMAN,MEQEPQNGEPAEIKIIREAYKKAFLFVNKGLNTDELGQKEEAKNYYKQGIGHLLRGISISSKESEHTGPGWESARQMQQKMKETLQNVRTRLEILEKGLATSLQNDLQEVPKLYPEFPPKDMCEKLPEPQSFSSAPQHAEVNGNTSTPSAGAVAAPASLSLPSQSCPAEAPPAYTPQAAEGHYTVSYGTDSGEFSSVGEEFYRNHSQPPPLETLGLDADELILIPNGVQIFFVNPAGEVSAPSYPGYLRIVRFLDNSLDTVLNRPPGFLQVCDWLYPLVPDRSPVLKCTAGAYMFPDTMLQAAGCFVGVVLSSELPEDDRELFEDLLRQMSDLRLQANWNRAEEENEFQIPGRTRPSSDQLKEASGTDVKQLDQGNKDVRHKGKRGKRAKDTSSEEVNLSHIVPCEPVPEEKPKELPEWSEKVAHNILSGASWVSWGLVKGAEITGKAIQKGASKLRERIQPEEKPVEVSPAVTKGLYIAKQATGGAAKVSQFLVDGVCTVANCVGKELAPHVKKHGSKLVPESLKKDKDGKSPLDGAMVVAASSVQGFSTVWQGLECAAKCIVNNVSAETVQTVRYKYGYNAGEATHHAVDSAVNVGVTAYNINNIGIKAMVKKTATQTGHTLLEDYQIVDNSQRENQEGAANVNVRGEKDEQTKEVKEAKKKDK,WQGLECAAKCIVNNVSA,666,-105,10,internal,562,10,,,,GLECAAKCIVNNVSA
Q969T9,sp|Q969T9|WBP2_HUMAN,MALNKNHSEGGGVIVNNTESILMSYDHVELTFNDMKNVPEAFKGTKKGTVYLTPYRVIFLSKGKDAMQSFMMPFYLMKDCEIKQPVFGANYIKGTVKAEAGGGWEGSASYKLTFTAGGAIEFGQRMLQVASQASRGEVPSGAYGYSYMPSGAYVYPPPVANGMYPCPPGYPYPPPPPEFYPGPPMMDGAMGYVQPPPPPYPGPMEPPVSGPDVPSTPAAEAKAAEAAASAYYNPGNPHNVYMPTSQPPPPPYYPPEDKKTQ,MMPFYLMKDCEIKQPVF,261,-182,2,internal,80,2,,,,PFYLMKDCEIKQPVF
Q969T9,sp|Q969T9|WBP2_HUMAN,MALNKNHSEGGGVIVNNTESILMSYDHVELTFNDMKNVPEAFKGTKKGTVYLTPYRVIFLSKGKDAMQSFMMPFYLMKDCEIKQPVFGANYIKGTVKAEAGGGWEGSASYKLTFTAGGAIEFGQRMLQVASQASRGEVPSGAYGYSYMPSGAYVYPPPVANGMYPCPPGYPYPPPPPEFYPGPPMMDGAMGYVQPPPPPYPGPMEPPVSGPDVPSTPAAEAKAAEAAASAYYNPGNPHNVYMPTSQPPPPPYYPPEDKKTQ,PPVANGMYPCPPGYPYP,261,-96,2,internal,166,2,,,,VANGMYPCPPGYPYP
